Symbol,Timestamp,Hour,DOW,Direction,Result,R,RR_Mult
OIL,2024-12-11 07:00:00+00:00,7,Wed,SELL,LOSS,-1.0,1.0
OIL,2024-12-17 07:00:00+00:00,7,Tue,SELL,WIN,1.5,1.0
OIL,2024-12-23 07:00:00+00:00,7,Mon,SELL,WIN,1.5,1.0
OIL,2024-12-30 07:00:00+00:00,7,Mon,SELL,LOSS,-1.0,1.0
OIL,2024-12-31 07:00:00+00:00,7,Tue,SELL,WIN,1.5,1.0
OIL,2024-12-31 21:00:00+00:00,21,Tue,BUY,WIN,2.25,1.5
OIL,2025-01-02 07:00:00+00:00,7,Thu,SELL,LOSS,-1.0,1.0
OIL,2025-01-06 07:00:00+00:00,7,Mon,SELL,LOSS,-1.0,1.0
OIL,2025-01-07 07:00:00+00:00,7,Tue,SELL,LOSS,-1.0,1.0
OIL,2025-01-09 07:00:00+00:00,7,Thu,SELL,LOSS,-1.0,1.0
OIL,2025-01-13 07:00:00+00:00,7,Mon,SELL,LOSS,-1.0,1.0
OIL,2025-01-14 07:00:00+00:00,7,Tue,SELL,LOSS,-1.0,1.0
OIL,2025-01-14 21:00:00+00:00,21,Tue,BUY,LOSS,-1.0,1.5
OIL,2025-01-15 07:00:00+00:00,7,Wed,SELL,WIN,1.5,1.0
OIL,2025-01-16 07:00:00+00:00,7,Thu,SELL,WIN,1.5,1.0
OIL,2025-01-21 07:00:00+00:00,7,Tue,SELL,WIN,1.5,1.0
OIL,2025-01-27 07:00:00+00:00,7,Mon,SELL,LOSS,-1.0,1.0
OIL,2025-01-30 07:00:00+00:00,7,Thu,SELL,WIN,1.5,1.0
OIL,2025-02-04 07:00:00+00:00,7,Tue,SELL,WIN,1.5,1.0
OIL,2025-02-05 07:00:00+00:00,7,Wed,SELL,WIN,1.5,1.0
OIL,2025-02-06 07:00:00+00:00,7,Thu,SELL,LOSS,-1.0,1.0
OIL,2025-02-10 07:00:00+00:00,7,Mon,SELL,LOSS,-1.0,1.0
OIL,2025-02-12 07:00:00+00:00,7,Wed,SELL,WIN,1.5,1.0
OIL,2025-02-18 07:00:00+00:00,7,Tue,SELL,LOSS,-1.0,1.0
OIL,2025-02-24 07:00:00+00:00,7,Mon,SELL,LOSS,-1.0,1.0
OIL,2025-02-25 07:00:00+00:00,7,Tue,SELL,LOSS,-1.0,1.0
OIL,2025-03-03 07:00:00+00:00,7,Mon,SELL,WIN,1.5,1.0
OIL,2025-03-03 21:00:00+00:00,21,Mon,BUY,LOSS,-1.0,1.5
OIL,2025-03-04 07:00:00+00:00,7,Tue,SELL,WIN,1.5,1.0
OIL,2025-03-20 07:00:00+00:00,7,Thu,SELL,WIN,1.5,1.0
OIL,2025-03-26 07:00:00+00:00,7,Wed,SELL,LOSS,-1.0,1.0
OIL,2025-03-27 07:00:00+00:00,7,Thu,SELL,LOSS,-1.0,1.0
OIL,2025-04-01 07:00:00+00:00,7,Tue,SELL,LOSS,-1.0,1.0
OIL,2025-04-02 07:00:00+00:00,7,Wed,SELL,LOSS,-1.0,1.0
OIL,2025-04-03 07:00:00+00:00,7,Thu,SELL,WIN,1.5,1.0
OIL,2025-04-07 07:00:00+00:00,7,Mon,SELL,LOSS,-1.0,1.0
OIL,2025-04-08 07:00:00+00:00,7,Tue,SELL,LOSS,-1.0,1.0
OIL,2025-04-09 07:00:00+00:00,7,Wed,SELL,WIN,1.5,1.0
OIL,2025-04-15 07:00:00+00:00,7,Tue,SELL,WIN,1.5,1.0
OIL,2025-04-21 07:00:00+00:00,7,Mon,SELL,WIN,1.5,1.0
OIL,2025-04-22 07:00:00+00:00,7,Tue,SELL,LOSS,-1.0,1.0
OIL,2025-04-23 07:00:00+00:00,7,Wed,SELL,WIN,1.5,1.0
OIL,2025-04-28 07:00:00+00:00,7,Mon,SELL,WIN,1.5,1.0
OIL,2025-04-29 07:00:00+00:00,7,Tue,SELL,LOSS,-1.0,1.0
OIL,2025-04-30 07:00:00+00:00,7,Wed,SELL,LOSS,-1.0,1.0
OIL,2025-05-01 07:00:00+00:00,7,Thu,SELL,WIN,1.5,1.0
OIL,2025-05-13 07:00:00+00:00,7,Tue,SELL,LOSS,-1.0,1.0
OIL,2025-05-20 07:00:00+00:00,7,Tue,SELL,LOSS,-1.0,1.0
OIL,2025-05-27 07:00:00+00:00,7,Tue,SELL,LOSS,-1.0,1.0
OIL,2025-06-02 07:00:00+00:00,7,Mon,SELL,LOSS,-1.0,1.0
OIL,2025-06-10 07:00:00+00:00,7,Tue,SELL,LOSS,-1.0,1.0
OIL,2025-06-12 07:00:00+00:00,7,Thu,SELL,LOSS,-1.0,1.0
OIL,2025-06-16 07:00:00+00:00,7,Mon,SELL,WIN,1.5,1.0
OIL,2025-06-18 07:00:00+00:00,7,Wed,SELL,LOSS,-1.0,1.0
OIL,2025-06-19 07:00:00+00:00,7,Thu,SELL,LOSS,-1.0,1.0
OIL,2025-06-26 07:00:00+00:00,7,Thu,SELL,LOSS,-1.0,1.0
OIL,2025-07-01 07:00:00+00:00,7,Tue,SELL,LOSS,-1.0,1.0
OIL,2025-07-10 07:00:00+00:00,7,Thu,SELL,LOSS,-1.0,1.0
OIL,2025-07-15 07:00:00+00:00,7,Tue,SELL,LOSS,-1.0,1.0
OIL,2025-07-16 07:00:00+00:00,7,Wed,SELL,WIN,1.5,1.0
OIL,2025-07-17 07:00:00+00:00,7,Thu,SELL,LOSS,-1.0,1.0
OIL,2025-07-22 07:00:00+00:00,7,Tue,SELL,LOSS,-1.0,1.0
OIL,2025-07-24 07:00:00+00:00,7,Thu,SELL,LOSS,-1.0,1.0
OIL,2025-07-28 07:00:00+00:00,7,Mon,SELL,LOSS,-1.0,1.0
OIL,2025-07-29 07:00:00+00:00,7,Tue,SELL,LOSS,-1.0,1.0
OIL,2025-08-04 07:00:00+00:00,7,Mon,SELL,WIN,1.5,1.0
OIL,2025-08-05 07:00:00+00:00,7,Tue,SELL,LOSS,-1.0,1.0
OIL,2025-08-07 07:00:00+00:00,7,Thu,SELL,WIN,1.5,1.0
OIL,2025-08-11 07:00:00+00:00,7,Mon,SELL,LOSS,-1.0,1.0
OIL,2025-08-13 07:00:00+00:00,7,Wed,SELL,WIN,1.5,1.0
OIL,2025-08-14 07:00:00+00:00,7,Thu,SELL,LOSS,-1.0,1.0
OIL,2025-08-18 07:00:00+00:00,7,Mon,SELL,LOSS,-1.0,1.0
OIL,2025-08-19 07:00:00+00:00,7,Tue,SELL,WIN,1.5,1.0
OIL,2025-08-21 07:00:00+00:00,7,Thu,SELL,LOSS,-1.0,1.0
OIL,2025-08-25 07:00:00+00:00,7,Mon,SELL,LOSS,-1.0,1.0
OIL,2025-08-26 07:00:00+00:00,7,Tue,SELL,WIN,1.5,1.0
OIL,2025-08-27 07:00:00+00:00,7,Wed,SELL,LOSS,-1.0,1.0
OIL,2025-09-03 07:00:00+00:00,7,Wed,SELL,LOSS,-1.0,1.0
OIL,2025-09-04 07:00:00+00:00,7,Thu,SELL,LOSS,-1.0,1.0
OIL,2025-09-08 07:00:00+00:00,7,Mon,SELL,LOSS,-1.0,1.0
OIL,2025-09-10 07:00:00+00:00,7,Wed,SELL,LOSS,-1.0,1.0
OIL,2025-09-11 07:00:00+00:00,7,Thu,SELL,WIN,1.5,1.0
OIL,2025-09-16 07:00:00+00:00,7,Tue,SELL,LOSS,-1.0,1.0
OIL,2025-09-17 07:00:00+00:00,7,Wed,SELL,WIN,1.5,1.0
OIL,2025-09-18 07:00:00+00:00,7,Thu,SELL,LOSS,-1.0,1.0
OIL,2025-09-22 07:00:00+00:00,7,Mon,SELL,WIN,1.5,1.0
OIL,2025-09-25 07:00:00+00:00,7,Thu,SELL,WIN,1.5,1.0
OIL,2025-09-29 07:00:00+00:00,7,Mon,SELL,WIN,1.5,1.0
OIL,2025-09-30 07:00:00+00:00,7,Tue,SELL,LOSS,-1.0,1.0
OIL,2025-10-06 07:00:00+00:00,7,Mon,SELL,LOSS,-1.0,1.0
OIL,2025-10-08 07:00:00+00:00,7,Wed,SELL,LOSS,-1.0,1.0
OIL,2025-10-14 07:00:00+00:00,7,Tue,SELL,WIN,1.5,1.0
OIL,2025-10-15 07:00:00+00:00,7,Wed,SELL,LOSS,-1.0,1.0
OIL,2025-10-20 07:00:00+00:00,7,Mon,SELL,LOSS,-1.0,1.0
OIL,2025-10-21 07:00:00+00:00,7,Tue,SELL,LOSS,-1.0,1.0
OIL,2025-10-22 07:00:00+00:00,7,Wed,SELL,LOSS,-1.0,1.0
OIL,2025-10-23 07:00:00+00:00,7,Thu,SELL,LOSS,-1.0,1.0
OIL,2025-10-27 07:00:00+00:00,7,Mon,SELL,WIN,1.5,1.0
OIL,2025-10-28 07:00:00+00:00,7,Tue,SELL,WIN,1.5,1.0
OIL,2025-10-29 07:00:00+00:00,7,Wed,SELL,WIN,1.5,1.0
OIL,2025-10-30 07:00:00+00:00,7,Thu,SELL,LOSS,-1.0,1.0
OIL,2025-11-03 07:00:00+00:00,7,Mon,SELL,WIN,1.5,1.0
OIL,2025-11-04 07:00:00+00:00,7,Tue,SELL,WIN,1.5,1.0
OIL,2025-11-04 21:00:00+00:00,21,Tue,BUY,LOSS,-1.0,1.5
OIL,2025-11-05 07:00:00+00:00,7,Wed,SELL,LOSS,-1.0,1.0
OIL,2025-11-06 07:00:00+00:00,7,Thu,SELL,LOSS,-1.0,1.0
OIL,2025-11-10 07:00:00+00:00,7,Mon,SELL,WIN,1.5,1.0
OIL,2025-11-11 07:00:00+00:00,7,Tue,SELL,LOSS,-1.0,1.0
OIL,2025-11-12 07:00:00+00:00,7,Wed,SELL,WIN,1.5,1.0
OIL,2025-11-13 07:00:00+00:00,7,Thu,SELL,LOSS,-1.0,1.0
OIL,2025-11-18 07:00:00+00:00,7,Tue,SELL,LOSS,-1.0,1.0
OIL,2025-11-19 07:00:00+00:00,7,Wed,SELL,WIN,1.5,1.0
OIL,2025-11-20 07:00:00+00:00,7,Thu,SELL,LOSS,-1.0,1.0
OIL,2025-11-20 21:00:00+00:00,21,Thu,BUY,LOSS,-1.0,1.5
OIL,2025-11-24 07:00:00+00:00,7,Mon,SELL,WIN,1.5,1.0
OIL,2025-11-26 07:00:00+00:00,7,Wed,SELL,LOSS,-1.0,1.0
OIL,2025-12-01 07:00:00+00:00,7,Mon,SELL,WIN,1.5,1.0
OIL,2025-12-02 07:00:00+00:00,7,Tue,SELL,LOSS,-1.0,1.0
OIL,2025-12-04 07:00:00+00:00,7,Thu,SELL,WIN,1.5,1.0
OIL,2025-12-08 07:00:00+00:00,7,Mon,SELL,WIN,1.5,1.0
OIL,2025-12-10 07:00:00+00:00,7,Wed,SELL,LOSS,-1.0,1.0
OIL,2025-12-10 21:00:00+00:00,21,Wed,BUY,LOSS,-1.0,1.5
OIL,2025-12-11 07:00:00+00:00,7,Thu,SELL,WIN,1.5,1.0
OIL,2025-12-15 07:00:00+00:00,7,Mon,SELL,WIN,1.5,1.0
OIL,2025-12-15 21:00:00+00:00,21,Mon,BUY,LOSS,-1.0,1.5
OIL,2025-12-16 07:00:00+00:00,7,Tue,SELL,WIN,1.5,1.0
OIL,2025-12-16 21:00:00+00:00,21,Tue,BUY,WIN,2.25,1.5
OIL,2025-12-17 07:00:00+00:00,7,Wed,SELL,LOSS,-1.0,1.0
OIL,2025-12-17 21:00:00+00:00,21,Wed,BUY,LOSS,-1.0,1.5
OIL,2025-12-18 07:00:00+00:00,7,Thu,SELL,WIN,1.5,1.0
OIL,2025-12-22 07:00:00+00:00,7,Mon,SELL,LOSS,-1.0,1.0
OIL,2025-12-23 21:00:00+00:00,21,Tue,BUY,LOSS,-1.0,1.5
OIL,2025-12-31 07:00:00+00:00,7,Wed,SELL,LOSS,-1.0,1.0
OIL,2026-01-05 07:00:00+00:00,7,Mon,SELL,LOSS,-1.0,1.0
OIL,2026-01-06 07:00:00+00:00,7,Tue,SELL,LOSS,-1.0,1.0
OIL,2026-01-06 21:00:00+00:00,21,Tue,BUY,LOSS,-1.0,1.5
OIL,2026-01-08 07:00:00+00:00,7,Thu,SELL,LOSS,-1.0,1.0
OIL,2026-01-14 07:00:00+00:00,7,Wed,SELL,LOSS,-1.0,1.0
OIL,2026-01-14 21:00:00+00:00,21,Wed,BUY,LOSS,-1.0,1.5
OIL,2026-01-20 07:00:00+00:00,7,Tue,SELL,LOSS,-1.0,1.0
OIL,2026-01-21 07:00:00+00:00,7,Wed,SELL,LOSS,-1.0,1.0
OIL,2026-01-22 07:00:00+00:00,7,Thu,SELL,WIN,1.5,1.0
OIL,2026-01-26 07:00:00+00:00,7,Mon,SELL,LOSS,-1.0,1.0
OIL,2026-01-26 21:00:00+00:00,21,Mon,BUY,LOSS,-1.0,1.5
OIL,2026-01-27 07:00:00+00:00,7,Tue,SELL,LOSS,-1.0,1.0
OIL,2026-01-28 07:00:00+00:00,7,Wed,SELL,LOSS,-1.0,1.0
OIL,2026-01-29 07:00:00+00:00,7,Thu,SELL,LOSS,-1.0,1.0
OIL,2026-01-29 21:00:00+00:00,21,Thu,BUY,LOSS,-1.0,1.5
OIL,2026-02-04 21:00:00+00:00,21,Wed,BUY,LOSS,-1.0,1.5
OIL,2026-02-09 07:00:00+00:00,7,Mon,SELL,LOSS,-1.0,1.0
OIL,2026-02-10 07:00:00+00:00,7,Tue,SELL,LOSS,-1.0,1.0
OIL,2026-02-17 07:00:00+00:00,7,Tue,SELL,LOSS,-1.0,1.0
GOLD,2024-12-11 11:00:00+00:00,11,Wed,BUY,LOSS,-1.0,1.0
GOLD,2024-12-12 16:00:00+00:00,16,Thu,BUY,LOSS,-1.0,1.5
GOLD,2024-12-16 11:00:00+00:00,11,Mon,BUY,LOSS,-1.0,1.0
GOLD,2024-12-17 11:00:00+00:00,11,Tue,BUY,LOSS,-1.0,1.0
GOLD,2024-12-23 16:00:00+00:00,16,Mon,BUY,LOSS,-1.0,1.5
GOLD,2024-12-24 16:30:00+00:00,16,Tue,BUY,WIN,2.25,1.5
GOLD,2024-12-30 11:00:00+00:00,11,Mon,BUY,LOSS,-1.0,1.0
GOLD,2025-01-06 11:00:00+00:00,11,Mon,BUY,LOSS,-1.0,1.0
GOLD,2025-01-07 11:00:00+00:00,11,Tue,BUY,WIN,1.5,1.0
GOLD,2025-01-08 16:00:00+00:00,16,Wed,BUY,LOSS,-1.0,1.5
GOLD,2025-01-09 11:00:00+00:00,11,Thu,BUY,WIN,1.5,1.0
GOLD,2025-01-14 11:00:00+00:00,11,Tue,BUY,LOSS,-1.0,1.0
GOLD,2025-01-16 16:00:00+00:00,16,Thu,BUY,LOSS,-1.0,1.5
GOLD,2025-01-21 11:00:00+00:00,11,Tue,BUY,WIN,1.5,1.0
GOLD,2025-01-23 11:00:00+00:00,11,Thu,BUY,LOSS,-1.0,1.0
GOLD,2025-01-27 11:00:00+00:00,11,Mon,BUY,LOSS,-1.0,1.0
GOLD,2025-01-29 11:00:00+00:00,11,Wed,BUY,WIN,1.5,1.0
GOLD,2025-01-30 11:00:00+00:00,11,Thu,BUY,LOSS,-1.0,1.0
GOLD,2025-02-05 11:00:00+00:00,11,Wed,BUY,LOSS,-1.0,1.0
GOLD,2025-02-06 11:00:00+00:00,11,Thu,BUY,LOSS,-1.0,1.0
GOLD,2025-02-10 11:00:00+00:00,11,Mon,BUY,LOSS,-1.0,1.0
GOLD,2025-02-11 11:00:00+00:00,11,Tue,BUY,LOSS,-1.0,1.0
GOLD,2025-02-13 11:00:00+00:00,11,Thu,BUY,LOSS,-1.0,1.0
GOLD,2025-02-18 11:00:00+00:00,11,Tue,BUY,WIN,1.5,1.0
GOLD,2025-02-19 16:00:00+00:00,16,Wed,BUY,LOSS,-1.0,1.5
GOLD,2025-02-20 16:00:00+00:00,16,Thu,BUY,LOSS,-1.0,1.5
GOLD,2025-02-24 11:00:00+00:00,11,Mon,BUY,LOSS,-1.0,1.0
GOLD,2025-02-25 11:00:00+00:00,11,Tue,BUY,LOSS,-1.0,1.0
GOLD,2025-02-26 11:00:00+00:00,11,Wed,BUY,LOSS,-1.0,1.0
GOLD,2025-03-03 11:00:00+00:00,11,Mon,BUY,WIN,1.5,1.0
GOLD,2025-03-03 16:00:00+00:00,16,Mon,BUY,LOSS,-1.0,1.5
GOLD,2025-03-04 11:00:00+00:00,11,Tue,BUY,LOSS,-1.0,1.0
GOLD,2025-03-05 11:00:00+00:00,11,Wed,BUY,LOSS,-1.0,1.0
GOLD,2025-03-05 16:00:00+00:00,16,Wed,BUY,LOSS,-1.0,1.5
GOLD,2025-03-06 11:00:00+00:00,11,Thu,BUY,WIN,1.5,1.0
GOLD,2025-03-06 16:00:00+00:00,16,Thu,BUY,LOSS,-1.0,1.5
GOLD,2025-03-10 11:00:00+00:00,11,Mon,BUY,LOSS,-1.0,1.0
GOLD,2025-03-12 11:00:00+00:00,11,Wed,BUY,LOSS,-1.0,1.0
GOLD,2025-03-13 11:00:00+00:00,11,Thu,BUY,LOSS,-1.0,1.0
GOLD,2025-03-18 11:00:00+00:00,11,Tue,BUY,WIN,1.5,1.0
GOLD,2025-03-19 11:00:00+00:00,11,Wed,BUY,LOSS,-1.0,1.0
GOLD,2025-03-19 16:00:00+00:00,16,Wed,BUY,WIN,2.25,1.5
GOLD,2025-03-26 11:00:00+00:00,11,Wed,BUY,LOSS,-1.0,1.0
GOLD,2025-03-27 11:00:00+00:00,11,Thu,BUY,LOSS,-1.0,1.0
GOLD,2025-03-31 11:00:00+00:00,11,Mon,BUY,LOSS,-1.0,1.0
GOLD,2025-04-02 11:00:00+00:00,11,Wed,BUY,LOSS,-1.0,1.0
GOLD,2025-04-02 16:00:00+00:00,16,Wed,BUY,LOSS,-1.0,1.5
GOLD,2025-04-08 11:00:00+00:00,11,Tue,BUY,LOSS,-1.0,1.0
GOLD,2025-04-09 11:00:00+00:00,11,Wed,BUY,LOSS,-1.0,1.0
GOLD,2025-04-09 16:00:00+00:00,16,Wed,BUY,LOSS,-1.0,1.5
GOLD,2025-04-10 11:00:00+00:00,11,Thu,BUY,WIN,1.5,1.0
GOLD,2025-04-14 11:00:00+00:00,11,Mon,BUY,LOSS,-1.0,1.0
GOLD,2025-04-15 11:00:00+00:00,11,Tue,BUY,LOSS,-1.0,1.0
GOLD,2025-04-16 11:00:00+00:00,11,Wed,BUY,WIN,1.5,1.0
GOLD,2025-04-17 11:00:00+00:00,11,Thu,BUY,LOSS,-1.0,1.0
GOLD,2025-04-17 16:00:00+00:00,16,Thu,BUY,WIN,2.25,1.5
GOLD,2025-04-21 11:00:00+00:00,11,Mon,BUY,WIN,1.5,1.0
GOLD,2025-04-22 11:00:00+00:00,11,Tue,BUY,LOSS,-1.0,1.0
GOLD,2025-04-24 11:00:00+00:00,11,Thu,BUY,LOSS,-1.0,1.0
GOLD,2025-04-28 11:00:00+00:00,11,Mon,BUY,WIN,1.5,1.0
GOLD,2025-04-29 16:00:00+00:00,16,Tue,BUY,LOSS,-1.0,1.5
GOLD,2025-04-30 16:00:00+00:00,16,Wed,BUY,LOSS,-1.0,1.5
GOLD,2025-05-05 11:00:00+00:00,11,Mon,BUY,WIN,1.5,1.0
GOLD,2025-05-06 16:00:00+00:00,16,Tue,BUY,LOSS,-1.0,1.5
GOLD,2025-05-07 16:00:00+00:00,16,Wed,BUY,LOSS,-1.0,1.5
GOLD,2025-05-08 11:00:00+00:00,11,Thu,BUY,LOSS,-1.0,1.0
GOLD,2025-05-14 16:00:00+00:00,16,Wed,BUY,LOSS,-1.0,1.5
GOLD,2025-05-15 11:00:00+00:00,11,Thu,BUY,WIN,1.5,1.0
GOLD,2025-05-19 11:00:00+00:00,11,Mon,BUY,LOSS,-1.0,1.0
GOLD,2025-05-20 11:00:00+00:00,11,Tue,BUY,WIN,1.5,1.0
GOLD,2025-05-22 11:00:00+00:00,11,Thu,BUY,LOSS,-1.0,1.0
GOLD,2025-05-26 16:00:00+00:00,16,Mon,BUY,LOSS,-1.0,1.5
GOLD,2025-06-02 11:00:00+00:00,11,Mon,BUY,WIN,1.5,1.0
GOLD,2025-06-03 11:00:00+00:00,11,Tue,BUY,LOSS,-1.0,1.0
GOLD,2025-06-09 11:00:00+00:00,11,Mon,BUY,WIN,1.5,1.0
GOLD,2025-06-09 16:00:00+00:00,16,Mon,BUY,LOSS,-1.0,1.5
GOLD,2025-06-11 11:00:00+00:00,11,Wed,BUY,WIN,1.5,1.0
GOLD,2025-06-18 11:00:00+00:00,11,Wed,BUY,LOSS,-1.0,1.0
GOLD,2025-06-19 16:00:00+00:00,16,Thu,BUY,LOSS,-1.0,1.5
GOLD,2025-06-23 11:00:00+00:00,11,Mon,BUY,LOSS,-1.0,1.0
GOLD,2025-06-23 16:00:00+00:00,16,Mon,BUY,LOSS,-1.0,1.5
GOLD,2025-06-25 16:00:00+00:00,16,Wed,BUY,LOSS,-1.0,1.5
GOLD,2025-06-26 16:00:00+00:00,16,Thu,BUY,LOSS,-1.0,1.5
GOLD,2025-06-30 16:00:00+00:00,16,Mon,BUY,WIN,2.25,1.5
GOLD,2025-07-01 11:00:00+00:00,11,Tue,BUY,LOSS,-1.0,1.0
GOLD,2025-07-01 16:00:00+00:00,16,Tue,BUY,LOSS,-1.0,1.5
GOLD,2025-07-07 11:00:00+00:00,11,Mon,BUY,WIN,1.5,1.0
GOLD,2025-07-08 11:00:00+00:00,11,Tue,BUY,LOSS,-1.0,1.0
GOLD,2025-07-16 11:00:00+00:00,11,Wed,BUY,LOSS,-1.0,1.0
GOLD,2025-07-21 11:00:00+00:00,11,Mon,BUY,WIN,1.5,1.0
GOLD,2025-07-22 11:00:00+00:00,11,Tue,BUY,WIN,1.5,1.0
GOLD,2025-07-22 16:00:00+00:00,16,Tue,BUY,LOSS,-1.0,1.5
GOLD,2025-07-23 11:00:00+00:00,11,Wed,BUY,LOSS,-1.0,1.0
GOLD,2025-07-30 11:00:00+00:00,11,Wed,BUY,LOSS,-1.0,1.0
GOLD,2025-07-31 11:00:00+00:00,11,Thu,BUY,LOSS,-1.0,1.0
GOLD,2025-08-04 11:00:00+00:00,11,Mon,BUY,LOSS,-1.0,1.0
GOLD,2025-08-06 11:00:00+00:00,11,Wed,BUY,WIN,1.5,1.0
GOLD,2025-08-07 11:00:00+00:00,11,Thu,BUY,LOSS,-1.0,1.0
GOLD,2025-08-07 16:00:00+00:00,16,Thu,BUY,WIN,2.25,1.5
GOLD,2025-08-12 11:00:00+00:00,11,Tue,BUY,LOSS,-1.0,1.0
GOLD,2025-08-14 11:00:00+00:00,11,Thu,BUY,LOSS,-1.0,1.0
GOLD,2025-08-20 11:00:00+00:00,11,Wed,BUY,WIN,1.5,1.0
GOLD,2025-08-21 11:00:00+00:00,11,Thu,BUY,WIN,1.5,1.0
GOLD,2025-08-25 11:00:00+00:00,11,Mon,BUY,LOSS,-1.0,1.0
GOLD,2025-08-27 11:00:00+00:00,11,Wed,BUY,WIN,1.5,1.0
GOLD,2025-08-28 11:00:00+00:00,11,Thu,BUY,LOSS,-1.0,1.0
GOLD,2025-09-02 11:00:00+00:00,11,Tue,BUY,LOSS,-1.0,1.0
GOLD,2025-09-03 11:00:00+00:00,11,Wed,BUY,WIN,1.5,1.0
GOLD,2025-09-03 16:00:00+00:00,16,Wed,BUY,LOSS,-1.0,1.5
GOLD,2025-09-08 11:00:00+00:00,11,Mon,BUY,WIN,1.5,1.0
GOLD,2025-09-09 16:00:00+00:00,16,Tue,BUY,LOSS,-1.0,1.5
GOLD,2025-09-15 11:00:00+00:00,11,Mon,BUY,WIN,1.5,1.0
GOLD,2025-09-16 11:00:00+00:00,11,Tue,BUY,LOSS,-1.0,1.0
GOLD,2025-09-16 16:00:00+00:00,16,Tue,BUY,LOSS,-1.0,1.5
GOLD,2025-09-17 11:00:00+00:00,11,Wed,BUY,WIN,1.5,1.0
GOLD,2025-09-17 16:00:00+00:00,16,Wed,BUY,LOSS,-1.0,1.5
GOLD,2025-09-23 11:00:00+00:00,11,Tue,BUY,LOSS,-1.0,1.0
GOLD,2025-09-23 16:00:00+00:00,16,Tue,BUY,LOSS,-1.0,1.5
GOLD,2025-09-24 11:00:00+00:00,11,Wed,BUY,LOSS,-1.0,1.0
GOLD,2025-09-29 11:00:00+00:00,11,Mon,BUY,LOSS,-1.0,1.0
GOLD,2025-09-30 11:00:00+00:00,11,Tue,BUY,WIN,1.5,1.0
GOLD,2025-10-01 16:00:00+00:00,16,Wed,BUY,LOSS,-1.0,1.5
GOLD,2025-10-02 11:00:00+00:00,11,Thu,BUY,LOSS,-1.0,1.0
GOLD,2025-10-07 11:00:00+00:00,11,Tue,BUY,WIN,1.5,1.0
GOLD,2025-10-08 11:00:00+00:00,11,Wed,BUY,WIN,1.5,1.0
GOLD,2025-10-08 16:00:00+00:00,16,Wed,BUY,LOSS,-1.0,1.5
GOLD,2025-10-13 16:00:00+00:00,16,Mon,BUY,WIN,2.25,1.5
GOLD,2025-10-16 16:00:00+00:00,16,Thu,BUY,WIN,2.25,1.5
GOLD,2025-10-20 11:00:00+00:00,11,Mon,BUY,WIN,1.5,1.0
GOLD,2025-10-23 11:00:00+00:00,11,Thu,BUY,WIN,1.5,1.0
GOLD,2025-11-03 16:00:00+00:00,16,Mon,BUY,LOSS,-1.0,1.5
GOLD,2025-11-04 11:00:00+00:00,11,Tue,BUY,LOSS,-1.0,1.0
GOLD,2025-11-04 16:00:00+00:00,16,Tue,BUY,LOSS,-1.0,1.5
GOLD,2025-11-05 16:00:00+00:00,16,Wed,BUY,LOSS,-1.0,1.5
GOLD,2025-11-06 11:00:00+00:00,11,Thu,BUY,LOSS,-1.0,1.0
GOLD,2025-11-06 16:00:00+00:00,16,Thu,BUY,LOSS,-1.0,1.5
GOLD,2025-11-10 11:00:00+00:00,11,Mon,BUY,WIN,1.5,1.0
GOLD,2025-11-10 16:00:00+00:00,16,Mon,BUY,WIN,2.25,1.5
GOLD,2025-11-11 11:00:00+00:00,11,Tue,BUY,LOSS,-1.0,1.0
GOLD,2025-11-12 16:00:00+00:00,16,Wed,BUY,LOSS,-1.0,1.5
GOLD,2025-11-13 11:00:00+00:00,11,Thu,BUY,LOSS,-1.0,1.0
GOLD,2025-11-13 16:00:00+00:00,16,Thu,BUY,LOSS,-1.0,1.5
GOLD,2025-11-17 11:00:00+00:00,11,Mon,BUY,LOSS,-1.0,1.0
GOLD,2025-11-17 16:00:00+00:00,16,Mon,BUY,LOSS,-1.0,1.5
GOLD,2025-11-19 11:00:00+00:00,11,Wed,BUY,LOSS,-1.0,1.0
GOLD,2025-11-20 11:00:00+00:00,11,Thu,BUY,WIN,1.5,1.0
GOLD,2025-11-24 11:00:00+00:00,11,Mon,BUY,WIN,1.5,1.0
GOLD,2025-11-24 16:00:00+00:00,16,Mon,BUY,WIN,2.25,1.5
GOLD,2025-11-25 11:00:00+00:00,11,Tue,BUY,LOSS,-1.0,1.0
GOLD,2025-11-26 11:00:00+00:00,11,Wed,BUY,LOSS,-1.0,1.0
GOLD,2025-12-02 11:00:00+00:00,11,Tue,BUY,LOSS,-1.0,1.0
GOLD,2025-12-03 11:00:00+00:00,11,Wed,BUY,LOSS,-1.0,1.0
GOLD,2025-12-04 11:00:00+00:00,11,Thu,BUY,LOSS,-1.0,1.0
GOLD,2025-12-04 16:00:00+00:00,16,Thu,BUY,LOSS,-1.0,1.5
GOLD,2025-12-08 11:00:00+00:00,11,Mon,BUY,LOSS,-1.0,1.0
GOLD,2025-12-10 11:00:00+00:00,11,Wed,BUY,LOSS,-1.0,1.0
GOLD,2025-12-10 16:00:00+00:00,16,Wed,BUY,LOSS,-1.0,1.5
GOLD,2025-12-15 11:00:00+00:00,11,Mon,BUY,LOSS,-1.0,1.0
GOLD,2025-12-16 11:00:00+00:00,11,Tue,BUY,WIN,1.5,1.0
GOLD,2025-12-18 11:00:00+00:00,11,Thu,BUY,LOSS,-1.0,1.0
GOLD,2025-12-18 16:00:00+00:00,16,Thu,BUY,LOSS,-1.0,1.5
GOLD,2025-12-22 11:00:00+00:00,11,Mon,BUY,WIN,1.5,1.0
GOLD,2025-12-22 16:00:00+00:00,16,Mon,BUY,WIN,2.25,1.5
GOLD,2025-12-23 11:00:00+00:00,11,Tue,BUY,LOSS,-1.0,1.0
GOLD,2025-12-23 16:00:00+00:00,16,Tue,BUY,WIN,2.25,1.5
GOLD,2025-12-30 16:00:00+00:00,16,Tue,BUY,LOSS,-1.0,1.5
GOLD,2026-01-06 16:00:00+00:00,16,Tue,BUY,LOSS,-1.0,1.5
GOLD,2026-01-07 16:00:00+00:00,16,Wed,BUY,LOSS,-1.0,1.5
GOLD,2026-01-13 11:00:00+00:00,11,Tue,BUY,WIN,1.5,1.0
GOLD,2026-01-20 16:00:00+00:00,16,Tue,BUY,WIN,2.25,1.5
GOLD,2026-01-21 11:00:00+00:00,11,Wed,BUY,LOSS,-1.0,1.0
GOLD,2026-01-22 11:00:00+00:00,11,Thu,BUY,WIN,1.5,1.0
GOLD,2026-01-22 16:00:00+00:00,16,Thu,BUY,WIN,2.25,1.5
GOLD,2026-01-28 16:00:00+00:00,16,Wed,BUY,WIN,2.25,1.5
GOLD,2026-01-29 11:00:00+00:00,11,Thu,BUY,LOSS,-1.0,1.0
GOLD,2026-02-03 16:00:00+00:00,16,Tue,BUY,LOSS,-1.0,1.5
GOLD,2026-02-04 11:00:00+00:00,11,Wed,BUY,LOSS,-1.0,1.0
GOLD,2026-02-05 16:00:00+00:00,16,Thu,BUY,LOSS,-1.0,1.5
GOLD,2026-02-09 11:00:00+00:00,11,Mon,BUY,WIN,1.5,1.0
GOLD,2026-02-09 16:00:00+00:00,16,Mon,BUY,LOSS,-1.0,1.5
GOLD,2026-02-10 11:00:00+00:00,11,Tue,BUY,LOSS,-1.0,1.0
GOLD,2026-02-11 11:00:00+00:00,11,Wed,BUY,LOSS,-1.0,1.0
GOLD,2026-02-12 11:00:00+00:00,11,Thu,BUY,LOSS,-1.0,1.0
GOLD,2026-02-17 11:00:00+00:00,11,Tue,BUY,LOSS,-1.0,1.0
EURUSD,2024-09-30 08:00:00+00:00,8,Mon,BUY,LOSS,-1.0,1.0
EURUSD,2024-10-01 16:00:00+00:00,16,Tue,SELL,LOSS,-1.0,1.0
EURUSD,2024-10-02 08:00:00+00:00,8,Wed,BUY,LOSS,-1.0,1.0
EURUSD,2024-10-03 08:00:00+00:00,8,Thu,BUY,LOSS,-1.0,1.0
EURUSD,2024-10-07 08:00:00+00:00,8,Mon,BUY,LOSS,-1.0,1.0
EURUSD,2024-10-08 08:00:00+00:00,8,Tue,BUY,LOSS,-1.0,1.0
EURUSD,2024-10-10 16:00:00+00:00,16,Thu,SELL,LOSS,-1.0,1.0
EURUSD,2024-10-14 16:00:00+00:00,16,Mon,SELL,LOSS,-1.0,1.0
EURUSD,2024-10-15 08:00:00+00:00,8,Tue,BUY,LOSS,-1.0,1.0
EURUSD,2024-10-16 08:00:00+00:00,8,Wed,BUY,WIN,1.5,1.0
EURUSD,2024-10-21 08:00:00+00:00,8,Mon,BUY,LOSS,-1.0,1.0
EURUSD,2024-10-23 08:00:00+00:00,8,Wed,BUY,LOSS,-1.0,1.0
EURUSD,2024-10-23 16:00:00+00:00,16,Wed,SELL,LOSS,-1.0,1.0
EURUSD,2024-10-24 08:00:00+00:00,8,Thu,BUY,LOSS,-1.0,1.0
EURUSD,2024-10-28 08:00:00+00:00,8,Mon,BUY,LOSS,-1.0,1.0
EURUSD,2024-10-29 08:00:00+00:00,8,Tue,BUY,LOSS,-1.0,1.0
EURUSD,2024-10-29 16:00:00+00:00,16,Tue,SELL,LOSS,-1.0,1.0
EURUSD,2024-10-30 08:00:00+00:00,8,Wed,BUY,WIN,1.5,1.0
EURUSD,2024-11-04 08:00:00+00:00,8,Mon,BUY,WIN,1.5,1.0
EURUSD,2024-11-05 08:00:00+00:00,8,Tue,BUY,WIN,1.5,1.0
EURUSD,2024-11-06 08:00:00+00:00,8,Wed,BUY,LOSS,-1.0,1.0
EURUSD,2024-11-07 08:00:00+00:00,8,Thu,BUY,LOSS,-1.0,1.0
EURUSD,2024-11-12 08:00:00+00:00,8,Tue,BUY,LOSS,-1.0,1.0
EURUSD,2024-11-12 16:00:00+00:00,16,Tue,SELL,LOSS,-1.0,1.0
EURUSD,2024-11-13 08:00:00+00:00,8,Wed,BUY,WIN,1.5,1.0
EURUSD,2024-11-14 16:00:00+00:00,16,Thu,SELL,WIN,1.5,1.0
EURUSD,2024-11-18 08:00:00+00:00,8,Mon,BUY,WIN,1.5,1.0
EURUSD,2024-11-19 16:00:00+00:00,16,Tue,SELL,LOSS,-1.0,1.0
EURUSD,2024-11-20 16:00:00+00:00,16,Wed,SELL,LOSS,-1.0,1.0
EURUSD,2024-11-21 08:00:00+00:00,8,Thu,BUY,LOSS,-1.0,1.0
EURUSD,2024-11-25 08:00:00+00:00,8,Mon,BUY,WIN,1.5,1.0
EURUSD,2024-11-25 16:00:00+00:00,16,Mon,SELL,LOSS,-1.0,1.0
EURUSD,2024-11-26 08:00:00+00:00,8,Tue,BUY,WIN,1.5,1.0
EURUSD,2024-11-27 08:00:00+00:00,8,Wed,BUY,WIN,1.5,1.0
EURUSD,2024-11-28 08:00:00+00:00,8,Thu,BUY,LOSS,-1.0,1.0
EURUSD,2024-12-02 08:00:00+00:00,8,Mon,BUY,WIN,1.5,1.0
EURUSD,2024-12-03 08:00:00+00:00,8,Tue,BUY,LOSS,-1.0,1.0
EURUSD,2024-12-05 16:00:00+00:00,16,Thu,SELL,LOSS,-1.0,1.0
EURUSD,2024-12-09 08:00:00+00:00,8,Mon,BUY,WIN,1.5,1.0
EURUSD,2024-12-11 08:00:00+00:00,8,Wed,BUY,LOSS,-1.0,1.0
EURUSD,2024-12-16 08:00:00+00:00,8,Mon,BUY,LOSS,-1.0,1.0
EURUSD,2024-12-18 16:00:00+00:00,16,Wed,SELL,LOSS,-1.0,1.0
EURUSD,2024-12-19 08:00:00+00:00,8,Thu,BUY,LOSS,-1.0,1.0
EURUSD,2024-12-19 16:00:00+00:00,16,Thu,SELL,LOSS,-1.0,1.0
EURUSD,2024-12-23 08:00:00+00:00,8,Mon,BUY,LOSS,-1.0,1.0
EURUSD,2024-12-24 08:00:00+00:00,8,Tue,BUY,WIN,1.5,1.0
EURUSD,2024-12-24 16:00:00+00:00,16,Tue,SELL,LOSS,-1.0,1.0
EURUSD,2024-12-25 08:00:00+00:00,8,Wed,BUY,LOSS,-1.0,1.0
EURUSD,2024-12-31 08:00:00+00:00,8,Tue,BUY,LOSS,-1.0,1.0
EURUSD,2025-01-06 08:00:00+00:00,8,Mon,BUY,LOSS,-1.0,1.0
EURUSD,2025-01-07 08:00:00+00:00,8,Tue,BUY,LOSS,-1.0,1.0
EURUSD,2025-01-09 08:00:00+00:00,8,Thu,BUY,LOSS,-1.0,1.0
EURUSD,2025-01-13 08:00:00+00:00,8,Mon,BUY,LOSS,-1.0,1.0
EURUSD,2025-01-14 08:00:00+00:00,8,Tue,BUY,LOSS,-1.0,1.0
EURUSD,2025-01-20 16:00:00+00:00,16,Mon,SELL,WIN,1.5,1.0
EURUSD,2025-01-22 08:00:00+00:00,8,Wed,BUY,WIN,1.5,1.0
EURUSD,2025-01-27 08:00:00+00:00,8,Mon,BUY,WIN,1.5,1.0
EURUSD,2025-01-27 16:00:00+00:00,16,Mon,SELL,WIN,1.5,1.0
EURUSD,2025-01-29 08:00:00+00:00,8,Wed,BUY,LOSS,-1.0,1.0
EURUSD,2025-01-29 16:00:00+00:00,16,Wed,SELL,WIN,1.5,1.0
EURUSD,2025-01-30 16:00:00+00:00,16,Thu,SELL,WIN,1.5,1.0
EURUSD,2025-02-03 08:00:00+00:00,8,Mon,BUY,WIN,1.5,1.0
EURUSD,2025-02-03 16:00:00+00:00,16,Mon,SELL,LOSS,-1.0,1.0
EURUSD,2025-02-04 08:00:00+00:00,8,Tue,BUY,WIN,1.5,1.0
EURUSD,2025-02-05 08:00:00+00:00,8,Wed,BUY,WIN,1.5,1.0
EURUSD,2025-02-06 16:00:00+00:00,16,Thu,SELL,LOSS,-1.0,1.0
EURUSD,2025-02-10 08:00:00+00:00,8,Mon,BUY,LOSS,-1.0,1.0
EURUSD,2025-02-11 08:00:00+00:00,8,Tue,BUY,WIN,1.5,1.0
EURUSD,2025-02-13 16:00:00+00:00,16,Thu,SELL,WIN,1.5,1.0
EURUSD,2025-02-18 16:00:00+00:00,16,Tue,SELL,WIN,1.5,1.0
EURUSD,2025-02-19 16:00:00+00:00,16,Wed,SELL,LOSS,-1.0,1.0
EURUSD,2025-02-20 08:00:00+00:00,8,Thu,BUY,WIN,1.5,1.0
EURUSD,2025-02-25 08:00:00+00:00,8,Tue,BUY,WIN,1.5,1.0
EURUSD,2025-02-25 16:00:00+00:00,16,Tue,SELL,LOSS,-1.0,1.0
EURUSD,2025-02-26 08:00:00+00:00,8,Wed,BUY,LOSS,-1.0,1.0
EURUSD,2025-02-27 08:00:00+00:00,8,Thu,BUY,LOSS,-1.0,1.0
EURUSD,2025-03-04 08:00:00+00:00,8,Tue,BUY,WIN,1.5,1.0
EURUSD,2025-03-05 08:00:00+00:00,8,Wed,BUY,WIN,1.5,1.0
EURUSD,2025-03-06 08:00:00+00:00,8,Thu,BUY,LOSS,-1.0,1.0
EURUSD,2025-03-11 08:00:00+00:00,8,Tue,BUY,LOSS,-1.0,1.0
EURUSD,2025-03-12 08:00:00+00:00,8,Wed,BUY,LOSS,-1.0,1.0
EURUSD,2025-03-13 08:00:00+00:00,8,Thu,BUY,LOSS,-1.0,1.0
EURUSD,2025-03-17 08:00:00+00:00,8,Mon,BUY,WIN,1.5,1.0
EURUSD,2025-03-18 08:00:00+00:00,8,Tue,BUY,LOSS,-1.0,1.0
EURUSD,2025-03-19 08:00:00+00:00,8,Wed,BUY,LOSS,-1.0,1.0
EURUSD,2025-03-24 08:00:00+00:00,8,Mon,BUY,LOSS,-1.0,1.0
EURUSD,2025-03-25 08:00:00+00:00,8,Tue,BUY,WIN,1.5,1.0
EURUSD,2025-03-26 08:00:00+00:00,8,Wed,BUY,LOSS,-1.0,1.0
EURUSD,2025-03-27 08:00:00+00:00,8,Thu,BUY,WIN,1.5,1.0
EURUSD,2025-04-01 08:00:00+00:00,8,Tue,BUY,LOSS,-1.0,1.0
EURUSD,2025-04-02 08:00:00+00:00,8,Wed,BUY,LOSS,-1.0,1.0
EURUSD,2025-04-02 16:00:00+00:00,16,Wed,SELL,LOSS,-1.0,1.0
EURUSD,2025-04-03 08:00:00+00:00,8,Thu,BUY,WIN,1.5,1.0
EURUSD,2025-04-08 08:00:00+00:00,8,Tue,BUY,LOSS,-1.0,1.0
EURUSD,2025-04-09 08:00:00+00:00,8,Wed,BUY,WIN,1.5,1.0
EURUSD,2025-04-09 16:00:00+00:00,16,Wed,SELL,WIN,1.5,1.0
EURUSD,2025-04-10 08:00:00+00:00,8,Thu,BUY,WIN,1.5,1.0
EURUSD,2025-04-14 08:00:00+00:00,8,Mon,BUY,LOSS,-1.0,1.0
EURUSD,2025-04-15 16:00:00+00:00,16,Tue,SELL,LOSS,-1.0,1.0
EURUSD,2025-04-16 16:00:00+00:00,16,Wed,SELL,LOSS,-1.0,1.0
EURUSD,2025-04-17 08:00:00+00:00,8,Thu,BUY,LOSS,-1.0,1.0
EURUSD,2025-04-17 16:00:00+00:00,16,Thu,SELL,LOSS,-1.0,1.0
EURUSD,2025-04-21 08:00:00+00:00,8,Mon,BUY,LOSS,-1.0,1.0
EURUSD,2025-04-22 16:00:00+00:00,16,Tue,SELL,WIN,1.5,1.0
EURUSD,2025-04-23 08:00:00+00:00,8,Wed,BUY,LOSS,-1.0,1.0
EURUSD,2025-05-01 08:00:00+00:00,8,Thu,BUY,LOSS,-1.0,1.0
EURUSD,2025-05-05 08:00:00+00:00,8,Mon,BUY,WIN,1.5,1.0
EURUSD,2025-05-12 08:00:00+00:00,8,Mon,BUY,LOSS,-1.0,1.0
EURUSD,2025-05-13 16:00:00+00:00,16,Tue,SELL,LOSS,-1.0,1.0
EURUSD,2025-05-14 08:00:00+00:00,8,Wed,BUY,WIN,1.5,1.0
EURUSD,2025-05-15 08:00:00+00:00,8,Thu,BUY,LOSS,-1.0,1.0
EURUSD,2025-05-15 16:00:00+00:00,16,Thu,SELL,LOSS,-1.0,1.0
EURUSD,2025-05-19 08:00:00+00:00,8,Mon,BUY,LOSS,-1.0,1.0
EURUSD,2025-05-22 16:00:00+00:00,16,Thu,SELL,LOSS,-1.0,1.0
EURUSD,2025-05-27 08:00:00+00:00,8,Tue,BUY,WIN,1.5,1.0
EURUSD,2025-05-28 08:00:00+00:00,8,Wed,BUY,LOSS,-1.0,1.0
EURUSD,2025-06-02 16:00:00+00:00,16,Mon,SELL,LOSS,-1.0,1.0
EURUSD,2025-06-04 08:00:00+00:00,8,Wed,BUY,LOSS,-1.0,1.0
EURUSD,2025-06-05 08:00:00+00:00,8,Thu,BUY,WIN,1.5,1.0
EURUSD,2025-06-09 08:00:00+00:00,8,Mon,BUY,LOSS,-1.0,1.0
EURUSD,2025-06-10 08:00:00+00:00,8,Tue,BUY,WIN,1.5,1.0
EURUSD,2025-06-11 08:00:00+00:00,8,Wed,BUY,WIN,1.5,1.0
EURUSD,2025-06-12 08:00:00+00:00,8,Thu,BUY,WIN,1.5,1.0
EURUSD,2025-06-12 16:00:00+00:00,16,Thu,SELL,LOSS,-1.0,1.0
EURUSD,2025-06-18 16:00:00+00:00,16,Wed,SELL,LOSS,-1.0,1.0
EURUSD,2025-06-19 08:00:00+00:00,8,Thu,BUY,LOSS,-1.0,1.0
EURUSD,2025-06-19 16:00:00+00:00,16,Thu,SELL,LOSS,-1.0,1.0
EURUSD,2025-06-25 08:00:00+00:00,8,Wed,BUY,LOSS,-1.0,1.0
EURUSD,2025-06-26 08:00:00+00:00,8,Thu,BUY,LOSS,-1.0,1.0
EURUSD,2025-06-30 08:00:00+00:00,8,Mon,BUY,LOSS,-1.0,1.0
EURUSD,2025-06-30 16:00:00+00:00,16,Mon,SELL,LOSS,-1.0,1.0
EURUSD,2025-07-01 08:00:00+00:00,8,Tue,BUY,LOSS,-1.0,1.0
EURUSD,2025-07-01 16:00:00+00:00,16,Tue,SELL,LOSS,-1.0,1.0
EURUSD,2025-07-02 08:00:00+00:00,8,Wed,BUY,LOSS,-1.0,1.0
EURUSD,2025-07-02 16:00:00+00:00,16,Wed,SELL,LOSS,-1.0,1.0
EURUSD,2025-07-07 16:00:00+00:00,16,Mon,SELL,LOSS,-1.0,1.0
EURUSD,2025-07-09 08:00:00+00:00,8,Wed,BUY,LOSS,-1.0,1.0
EURUSD,2025-07-09 16:00:00+00:00,16,Wed,SELL,LOSS,-1.0,1.0
EURUSD,2025-07-10 16:00:00+00:00,16,Thu,SELL,LOSS,-1.0,1.0
EURUSD,2025-07-15 16:00:00+00:00,16,Tue,SELL,LOSS,-1.0,1.0
EURUSD,2025-07-16 08:00:00+00:00,8,Wed,BUY,LOSS,-1.0,1.0
EURUSD,2025-07-17 08:00:00+00:00,8,Thu,BUY,LOSS,-1.0,1.0
EURUSD,2025-07-17 16:00:00+00:00,16,Thu,SELL,LOSS,-1.0,1.0
EURUSD,2025-07-22 08:00:00+00:00,8,Tue,BUY,LOSS,-1.0,1.0
EURUSD,2025-07-28 08:00:00+00:00,8,Mon,BUY,LOSS,-1.0,1.0
EURUSD,2025-07-29 08:00:00+00:00,8,Tue,BUY,LOSS,-1.0,1.0
EURUSD,2025-07-30 08:00:00+00:00,8,Wed,BUY,LOSS,-1.0,1.0
EURUSD,2025-07-31 08:00:00+00:00,8,Thu,BUY,LOSS,-1.0,1.0
EURUSD,2025-08-06 16:00:00+00:00,16,Wed,SELL,LOSS,-1.0,1.0
EURUSD,2025-08-07 16:00:00+00:00,16,Thu,SELL,LOSS,-1.0,1.0
EURUSD,2025-08-11 08:00:00+00:00,8,Mon,BUY,LOSS,-1.0,1.0
EURUSD,2025-08-13 08:00:00+00:00,8,Wed,BUY,LOSS,-1.0,1.0
EURUSD,2025-08-18 08:00:00+00:00,8,Mon,BUY,LOSS,-1.0,1.0
EURUSD,2025-08-18 16:00:00+00:00,16,Mon,SELL,LOSS,-1.0,1.0
EURUSD,2025-08-19 16:00:00+00:00,16,Tue,SELL,WIN,1.5,1.0
EURUSD,2025-08-25 08:00:00+00:00,8,Mon,BUY,LOSS,-1.0,1.0
EURUSD,2025-08-25 16:00:00+00:00,16,Mon,SELL,WIN,1.5,1.0
EURUSD,2025-09-01 08:00:00+00:00,8,Mon,BUY,LOSS,-1.0,1.0
EURUSD,2025-09-02 08:00:00+00:00,8,Tue,BUY,LOSS,-1.0,1.0
EURUSD,2025-09-03 08:00:00+00:00,8,Wed,BUY,LOSS,-1.0,1.0
EURUSD,2025-09-04 08:00:00+00:00,8,Thu,BUY,LOSS,-1.0,1.0
EURUSD,2025-09-04 16:00:00+00:00,16,Thu,SELL,LOSS,-1.0,1.0
EURUSD,2025-09-08 16:00:00+00:00,16,Mon,SELL,LOSS,-1.0,1.0
EURUSD,2025-09-09 08:00:00+00:00,8,Tue,BUY,LOSS,-1.0,1.0
EURUSD,2025-09-11 08:00:00+00:00,8,Thu,BUY,LOSS,-1.0,1.0
EURUSD,2025-09-15 08:00:00+00:00,8,Mon,BUY,WIN,1.5,1.0
EURUSD,2025-09-15 16:00:00+00:00,16,Mon,SELL,LOSS,-1.0,1.0
EURUSD,2025-09-16 08:00:00+00:00,8,Tue,BUY,WIN,1.5,1.0
EURUSD,2025-09-17 08:00:00+00:00,8,Wed,BUY,LOSS,-1.0,1.0
EURUSD,2025-09-22 08:00:00+00:00,8,Mon,BUY,WIN,1.5,1.0
EURUSD,2025-09-23 08:00:00+00:00,8,Tue,BUY,LOSS,-1.0,1.0
EURUSD,2025-09-25 08:00:00+00:00,8,Thu,BUY,LOSS,-1.0,1.0
EURUSD,2025-09-30 08:00:00+00:00,8,Tue,BUY,LOSS,-1.0,1.0
EURUSD,2025-10-02 08:00:00+00:00,8,Thu,BUY,LOSS,-1.0,1.0
EURUSD,2025-10-06 08:00:00+00:00,8,Mon,BUY,WIN,1.5,1.0
EURUSD,2025-10-07 16:00:00+00:00,16,Tue,SELL,WIN,1.5,1.0
EURUSD,2025-10-08 16:00:00+00:00,16,Wed,SELL,LOSS,-1.0,1.0
EURUSD,2025-10-09 08:00:00+00:00,8,Thu,BUY,LOSS,-1.0,1.0
EURUSD,2025-10-14 08:00:00+00:00,8,Tue,BUY,WIN,1.5,1.0
EURUSD,2025-10-16 08:00:00+00:00,8,Thu,BUY,WIN,1.5,1.0
EURUSD,2025-10-20 08:00:00+00:00,8,Mon,BUY,LOSS,-1.0,1.0
EURUSD,2025-10-20 16:00:00+00:00,16,Mon,SELL,WIN,1.5,1.0
EURUSD,2025-10-23 16:00:00+00:00,16,Thu,SELL,LOSS,-1.0,1.0
EURUSD,2025-10-27 08:00:00+00:00,8,Mon,BUY,WIN,1.5,1.0
EURUSD,2025-10-28 08:00:00+00:00,8,Tue,BUY,LOSS,-1.0,1.0
EURUSD,2025-10-29 16:00:00+00:00,16,Wed,SELL,WIN,1.5,1.0
EURUSD,2025-11-05 08:00:00+00:00,8,Wed,BUY,LOSS,-1.0,1.0
EURUSD,2025-11-06 08:00:00+00:00,8,Thu,BUY,LOSS,-1.0,1.0
EURUSD,2025-11-06 16:00:00+00:00,16,Thu,SELL,LOSS,-1.0,1.0
EURUSD,2025-11-10 08:00:00+00:00,8,Mon,BUY,LOSS,-1.0,1.0
EURUSD,2025-11-10 16:00:00+00:00,16,Mon,SELL,LOSS,-1.0,1.0
EURUSD,2025-11-11 16:00:00+00:00,16,Tue,SELL,WIN,1.5,1.0
EURUSD,2025-11-13 08:00:00+00:00,8,Thu,BUY,LOSS,-1.0,1.0
EURUSD,2025-11-18 08:00:00+00:00,8,Tue,BUY,LOSS,-1.0,1.0
EURUSD,2025-11-20 08:00:00+00:00,8,Thu,BUY,LOSS,-1.0,1.0
EURUSD,2025-11-24 08:00:00+00:00,8,Mon,BUY,WIN,1.5,1.0
EURUSD,2025-11-25 08:00:00+00:00,8,Tue,BUY,WIN,1.5,1.0
EURUSD,2025-11-25 16:00:00+00:00,16,Tue,SELL,LOSS,-1.0,1.0
EURUSD,2025-11-27 08:00:00+00:00,8,Thu,BUY,LOSS,-1.0,1.0
EURUSD,2025-12-01 08:00:00+00:00,8,Mon,BUY,WIN,1.5,1.0
EURUSD,2025-12-01 16:00:00+00:00,16,Mon,SELL,WIN,1.5,1.0
EURUSD,2025-12-02 16:00:00+00:00,16,Tue,SELL,LOSS,-1.0,1.0
EURUSD,2025-12-03 08:00:00+00:00,8,Wed,BUY,WIN,1.5,1.0
EURUSD,2025-12-03 16:00:00+00:00,16,Wed,SELL,LOSS,-1.0,1.0
EURUSD,2025-12-04 08:00:00+00:00,8,Thu,BUY,LOSS,-1.0,1.0
EURUSD,2025-12-08 16:00:00+00:00,16,Mon,SELL,LOSS,-1.0,1.0
EURUSD,2025-12-09 08:00:00+00:00,8,Tue,BUY,LOSS,-1.0,1.0
EURUSD,2025-12-10 08:00:00+00:00,8,Wed,BUY,LOSS,-1.0,1.0
EURUSD,2025-12-11 08:00:00+00:00,8,Thu,BUY,WIN,1.5,1.0
EURUSD,2025-12-15 08:00:00+00:00,8,Mon,BUY,WIN,1.5,1.0
EURUSD,2025-12-16 08:00:00+00:00,8,Tue,BUY,WIN,1.5,1.0
EURUSD,2025-12-16 16:00:00+00:00,16,Tue,SELL,WIN,1.5,1.0
EURUSD,2025-12-17 08:00:00+00:00,8,Wed,BUY,WIN,1.5,1.0
EURUSD,2025-12-22 08:00:00+00:00,8,Mon,BUY,WIN,1.5,1.0
EURUSD,2025-12-22 16:00:00+00:00,16,Mon,SELL,LOSS,-1.0,1.0
EURUSD,2025-12-23 08:00:00+00:00,8,Tue,BUY,WIN,1.5,1.0
EURUSD,2025-12-24 08:00:00+00:00,8,Wed,BUY,LOSS,-1.0,1.0
EURUSD,2025-12-29 08:00:00+00:00,8,Mon,BUY,LOSS,-1.0,1.0
EURUSD,2025-12-29 16:00:00+00:00,16,Mon,SELL,LOSS,-1.0,1.0
EURUSD,2025-12-31 16:00:00+00:00,16,Wed,SELL,LOSS,-1.0,1.0
EURUSD,2026-01-06 08:00:00+00:00,8,Tue,BUY,LOSS,-1.0,1.0
EURUSD,2026-01-07 08:00:00+00:00,8,Wed,BUY,WIN,1.5,1.0
EURUSD,2026-01-12 08:00:00+00:00,8,Mon,BUY,LOSS,-1.0,1.0
EURUSD,2026-01-13 08:00:00+00:00,8,Tue,BUY,LOSS,-1.0,1.0
EURUSD,2026-01-14 08:00:00+00:00,8,Wed,BUY,WIN,1.5,1.0
EURUSD,2026-01-14 16:00:00+00:00,16,Wed,SELL,WIN,1.5,1.0
EURUSD,2026-01-15 08:00:00+00:00,8,Thu,BUY,LOSS,-1.0,1.0
EURUSD,2026-01-20 08:00:00+00:00,8,Tue,BUY,WIN,1.5,1.0
EURUSD,2026-01-22 08:00:00+00:00,8,Thu,BUY,WIN,1.5,1.0
EURUSD,2026-01-26 08:00:00+00:00,8,Mon,BUY,WIN,1.5,1.0
EURUSD,2026-01-28 16:00:00+00:00,16,Wed,SELL,LOSS,-1.0,1.0
EURUSD,2026-02-03 08:00:00+00:00,8,Tue,BUY,LOSS,-1.0,1.0
EURUSD,2026-02-05 08:00:00+00:00,8,Thu,BUY,LOSS,-1.0,1.0
EURUSD,2026-02-09 08:00:00+00:00,8,Mon,BUY,WIN,1.5,1.0
EURUSD,2026-02-09 16:00:00+00:00,16,Mon,SELL,LOSS,-1.0,1.0
EURUSD,2026-02-10 08:00:00+00:00,8,Tue,BUY,LOSS,-1.0,1.0
EURUSD,2026-02-11 08:00:00+00:00,8,Wed,BUY,LOSS,-1.0,1.0
EURUSD,2026-02-12 08:00:00+00:00,8,Thu,BUY,LOSS,-1.0,1.0
EURUSD,2026-02-16 08:00:00+00:00,8,Mon,BUY,LOSS,-1.0,1.0
EURUSD,2026-02-17 08:00:00+00:00,8,Tue,BUY,LOSS,-1.0,1.0
AUDUSD,2024-10-29 22:00:00+00:00,22,Tue,BUY,LOSS,-1.0,1.0
AUDUSD,2024-11-06 22:00:00+00:00,22,Wed,BUY,WIN,1.5,1.0
AUDUSD,2024-11-07 22:00:00+00:00,22,Thu,BUY,LOSS,-1.0,1.0
AUDUSD,2024-11-11 22:00:00+00:00,22,Mon,BUY,LOSS,-1.0,1.0
AUDUSD,2024-11-13 22:00:00+00:00,22,Wed,BUY,LOSS,-1.0,1.0
AUDUSD,2024-11-18 22:00:00+00:00,22,Mon,BUY,LOSS,-1.0,1.0
AUDUSD,2024-11-21 22:00:00+00:00,22,Thu,BUY,LOSS,-1.0,1.0
AUDUSD,2024-11-27 22:00:00+00:00,22,Wed,BUY,LOSS,-1.0,1.0
AUDUSD,2024-11-28 22:00:00+00:00,22,Thu,BUY,WIN,1.5,1.0
AUDUSD,2024-12-02 22:00:00+00:00,22,Mon,BUY,LOSS,-1.0,1.0
AUDUSD,2024-12-03 22:00:00+00:00,22,Tue,BUY,LOSS,-1.0,1.0
AUDUSD,2024-12-05 22:00:00+00:00,22,Thu,BUY,LOSS,-1.0,1.0
AUDUSD,2024-12-09 22:00:00+00:00,22,Mon,BUY,LOSS,-1.0,1.0
AUDUSD,2024-12-10 22:00:00+00:00,22,Tue,BUY,LOSS,-1.0,1.0
AUDUSD,2024-12-11 22:00:00+00:00,22,Wed,BUY,WIN,1.5,1.0
AUDUSD,2024-12-16 22:00:00+00:00,22,Mon,BUY,LOSS,-1.0,1.0
AUDUSD,2024-12-17 22:00:00+00:00,22,Tue,BUY,LOSS,-1.0,1.0
AUDUSD,2024-12-25 22:00:00+00:00,22,Wed,BUY,LOSS,-1.0,1.0
AUDUSD,2025-01-01 22:00:00+00:00,22,Wed,BUY,LOSS,-1.0,1.0
AUDUSD,2025-01-07 22:00:00+00:00,22,Tue,BUY,LOSS,-1.0,1.0
AUDUSD,2025-01-08 22:00:00+00:00,22,Wed,BUY,LOSS,-1.0,1.0
AUDUSD,2025-01-14 22:00:00+00:00,22,Tue,BUY,LOSS,-1.0,1.0
AUDUSD,2025-01-15 22:00:00+00:00,22,Wed,BUY,LOSS,-1.0,1.0
AUDUSD,2025-01-16 22:00:00+00:00,22,Thu,BUY,LOSS,-1.0,1.0
AUDUSD,2025-01-20 22:00:00+00:00,22,Mon,BUY,LOSS,-1.0,1.0
AUDUSD,2025-01-21 22:00:00+00:00,22,Tue,BUY,LOSS,-1.0,1.0
AUDUSD,2025-01-23 22:00:00+00:00,22,Thu,BUY,WIN,1.5,1.0
AUDUSD,2025-01-27 22:00:00+00:00,22,Mon,BUY,LOSS,-1.0,1.0
AUDUSD,2025-01-28 22:00:00+00:00,22,Tue,BUY,LOSS,-1.0,1.0
AUDUSD,2025-01-29 22:00:00+00:00,22,Wed,BUY,LOSS,-1.0,1.0
AUDUSD,2025-02-03 22:00:00+00:00,22,Mon,BUY,LOSS,-1.0,1.0
AUDUSD,2025-02-04 22:00:00+00:00,22,Tue,BUY,LOSS,-1.0,1.0
AUDUSD,2025-02-05 22:00:00+00:00,22,Wed,BUY,LOSS,-1.0,1.0
AUDUSD,2025-02-18 22:00:00+00:00,22,Tue,BUY,LOSS,-1.0,1.0
AUDUSD,2025-02-20 22:00:00+00:00,22,Thu,BUY,LOSS,-1.0,1.0
AUDUSD,2025-02-25 22:00:00+00:00,22,Tue,BUY,LOSS,-1.0,1.0
AUDUSD,2025-02-26 22:00:00+00:00,22,Wed,BUY,LOSS,-1.0,1.0
AUDUSD,2025-03-05 22:00:00+00:00,22,Wed,BUY,WIN,1.5,1.0
AUDUSD,2025-03-06 22:00:00+00:00,22,Thu,BUY,LOSS,-1.0,1.0
AUDUSD,2025-03-11 22:00:00+00:00,22,Tue,BUY,LOSS,-1.0,1.0
AUDUSD,2025-03-12 22:00:00+00:00,22,Wed,BUY,LOSS,-1.0,1.0
AUDUSD,2025-03-17 22:00:00+00:00,22,Mon,BUY,LOSS,-1.0,1.0
AUDUSD,2025-03-18 22:00:00+00:00,22,Tue,BUY,LOSS,-1.0,1.0
AUDUSD,2025-03-19 22:00:00+00:00,22,Wed,BUY,LOSS,-1.0,1.0
AUDUSD,2025-03-20 22:00:00+00:00,22,Thu,BUY,LOSS,-1.0,1.0
AUDUSD,2025-04-01 22:00:00+00:00,22,Tue,BUY,LOSS,-1.0,1.0
AUDUSD,2025-04-02 22:00:00+00:00,22,Wed,BUY,WIN,1.5,1.0
AUDUSD,2025-04-03 22:00:00+00:00,22,Thu,BUY,LOSS,-1.0,1.0
AUDUSD,2025-04-08 22:00:00+00:00,22,Tue,BUY,LOSS,-1.0,1.0
AUDUSD,2025-04-10 22:00:00+00:00,22,Thu,BUY,LOSS,-1.0,1.0
AUDUSD,2025-04-14 22:00:00+00:00,22,Mon,BUY,WIN,1.5,1.0
AUDUSD,2025-04-15 22:00:00+00:00,22,Tue,BUY,LOSS,-1.0,1.0
AUDUSD,2025-04-16 22:00:00+00:00,22,Wed,BUY,LOSS,-1.0,1.0
AUDUSD,2025-04-17 22:00:00+00:00,22,Thu,BUY,LOSS,-1.0,1.0
AUDUSD,2025-04-21 22:00:00+00:00,22,Mon,BUY,LOSS,-1.0,1.0
AUDUSD,2025-04-22 22:00:00+00:00,22,Tue,BUY,WIN,1.5,1.0
AUDUSD,2025-04-28 22:00:00+00:00,22,Mon,BUY,LOSS,-1.0,1.0
AUDUSD,2025-04-29 22:00:00+00:00,22,Tue,BUY,WIN,1.5,1.0
AUDUSD,2025-04-30 22:00:00+00:00,22,Wed,BUY,LOSS,-1.0,1.0
AUDUSD,2025-05-05 22:00:00+00:00,22,Mon,BUY,LOSS,-1.0,1.0
AUDUSD,2025-05-06 22:00:00+00:00,22,Tue,BUY,LOSS,-1.0,1.0
AUDUSD,2025-05-07 22:00:00+00:00,22,Wed,BUY,WIN,1.5,1.0
AUDUSD,2025-05-08 22:00:00+00:00,22,Thu,BUY,LOSS,-1.0,1.0
AUDUSD,2025-05-12 22:00:00+00:00,22,Mon,BUY,WIN,1.5,1.0
AUDUSD,2025-05-15 22:00:00+00:00,22,Thu,BUY,WIN,1.5,1.0
AUDUSD,2025-05-27 22:00:00+00:00,22,Tue,BUY,LOSS,-1.0,1.0
AUDUSD,2025-05-28 22:00:00+00:00,22,Wed,BUY,LOSS,-1.0,1.0
AUDUSD,2025-05-29 22:00:00+00:00,22,Thu,BUY,LOSS,-1.0,1.0
AUDUSD,2025-06-02 22:00:00+00:00,22,Mon,BUY,LOSS,-1.0,1.0
AUDUSD,2025-06-03 22:00:00+00:00,22,Tue,BUY,LOSS,-1.0,1.0
AUDUSD,2025-06-05 22:00:00+00:00,22,Thu,BUY,LOSS,-1.0,1.0
AUDUSD,2025-06-09 22:00:00+00:00,22,Mon,BUY,LOSS,-1.0,1.0
AUDUSD,2025-06-10 22:00:00+00:00,22,Tue,BUY,LOSS,-1.0,1.0
AUDUSD,2025-06-11 22:00:00+00:00,22,Wed,BUY,LOSS,-1.0,1.0
AUDUSD,2025-06-18 22:00:00+00:00,22,Wed,BUY,LOSS,-1.0,1.0
AUDUSD,2025-06-23 22:00:00+00:00,22,Mon,BUY,WIN,1.5,1.0
AUDUSD,2025-06-25 22:00:00+00:00,22,Wed,BUY,WIN,1.5,1.0
AUDUSD,2025-06-30 22:00:00+00:00,22,Mon,BUY,LOSS,-1.0,1.0
AUDUSD,2025-07-01 22:00:00+00:00,22,Tue,BUY,LOSS,-1.0,1.0
AUDUSD,2025-07-02 22:00:00+00:00,22,Wed,BUY,LOSS,-1.0,1.0
AUDUSD,2025-07-07 22:00:00+00:00,22,Mon,BUY,WIN,1.5,1.0
AUDUSD,2025-07-08 22:00:00+00:00,22,Tue,BUY,LOSS,-1.0,1.0
AUDUSD,2025-07-09 22:00:00+00:00,22,Wed,BUY,WIN,1.5,1.0
AUDUSD,2025-07-10 22:00:00+00:00,22,Thu,BUY,LOSS,-1.0,1.0
AUDUSD,2025-07-21 22:00:00+00:00,22,Mon,BUY,LOSS,-1.0,1.0
AUDUSD,2025-07-23 22:00:00+00:00,22,Wed,BUY,WIN,1.5,1.0
AUDUSD,2025-07-24 22:00:00+00:00,22,Thu,BUY,LOSS,-1.0,1.0
AUDUSD,2025-07-28 22:00:00+00:00,22,Mon,BUY,LOSS,-1.0,1.0
AUDUSD,2025-07-30 22:00:00+00:00,22,Wed,BUY,LOSS,-1.0,1.0
AUDUSD,2025-08-04 22:00:00+00:00,22,Mon,BUY,LOSS,-1.0,1.0
AUDUSD,2025-08-05 22:00:00+00:00,22,Tue,BUY,WIN,1.5,1.0
AUDUSD,2025-08-06 22:00:00+00:00,22,Wed,BUY,LOSS,-1.0,1.0
AUDUSD,2025-08-07 22:00:00+00:00,22,Thu,BUY,LOSS,-1.0,1.0
AUDUSD,2025-08-13 22:00:00+00:00,22,Wed,BUY,WIN,1.5,1.0
AUDUSD,2025-08-18 22:00:00+00:00,22,Mon,BUY,LOSS,-1.0,1.0
AUDUSD,2025-08-19 22:00:00+00:00,22,Tue,BUY,LOSS,-1.0,1.0
AUDUSD,2025-08-21 22:00:00+00:00,22,Thu,BUY,LOSS,-1.0,1.0
AUDUSD,2025-08-25 22:00:00+00:00,22,Mon,BUY,LOSS,-1.0,1.0
AUDUSD,2025-08-26 22:00:00+00:00,22,Tue,BUY,LOSS,-1.0,1.0
AUDUSD,2025-08-27 22:00:00+00:00,22,Wed,BUY,WIN,1.5,1.0
AUDUSD,2025-09-01 22:00:00+00:00,22,Mon,BUY,LOSS,-1.0,1.0
AUDUSD,2025-09-08 22:00:00+00:00,22,Mon,BUY,WIN,1.5,1.0
AUDUSD,2025-09-09 22:00:00+00:00,22,Tue,BUY,WIN,1.5,1.0
AUDUSD,2025-09-10 22:00:00+00:00,22,Wed,BUY,LOSS,-1.0,1.0
AUDUSD,2025-09-16 22:00:00+00:00,22,Tue,BUY,LOSS,-1.0,1.0
AUDUSD,2025-09-17 22:00:00+00:00,22,Wed,BUY,LOSS,-1.0,1.0
AUDUSD,2025-09-18 22:00:00+00:00,22,Thu,BUY,LOSS,-1.0,1.0
AUDUSD,2025-09-23 22:00:00+00:00,22,Tue,BUY,LOSS,-1.0,1.0
AUDUSD,2025-09-24 22:00:00+00:00,22,Wed,BUY,WIN,1.5,1.0
AUDUSD,2025-09-29 22:00:00+00:00,22,Mon,BUY,WIN,1.5,1.0
AUDUSD,2025-10-07 22:00:00+00:00,22,Tue,BUY,LOSS,-1.0,1.0
AUDUSD,2025-10-08 22:00:00+00:00,22,Wed,BUY,LOSS,-1.0,1.0
AUDUSD,2025-10-13 22:00:00+00:00,22,Mon,BUY,LOSS,-1.0,1.0
AUDUSD,2025-10-14 22:00:00+00:00,22,Tue,BUY,WIN,1.5,1.0
AUDUSD,2025-10-15 22:00:00+00:00,22,Wed,BUY,LOSS,-1.0,1.0
AUDUSD,2025-10-20 22:00:00+00:00,22,Mon,BUY,LOSS,-1.0,1.0
AUDUSD,2025-10-21 22:00:00+00:00,22,Tue,BUY,WIN,1.5,1.0
AUDUSD,2025-10-22 22:00:00+00:00,22,Wed,BUY,LOSS,-1.0,1.0
AUDUSD,2025-10-23 22:00:00+00:00,22,Thu,BUY,LOSS,-1.0,1.0
AUDUSD,2025-10-27 22:00:00+00:00,22,Mon,BUY,LOSS,-1.0,1.0
AUDUSD,2025-11-03 22:00:00+00:00,22,Mon,BUY,LOSS,-1.0,1.0
AUDUSD,2025-11-04 22:00:00+00:00,22,Tue,BUY,LOSS,-1.0,1.0
AUDUSD,2025-11-10 22:00:00+00:00,22,Mon,BUY,LOSS,-1.0,1.0
AUDUSD,2025-11-11 22:00:00+00:00,22,Tue,BUY,LOSS,-1.0,1.0
AUDUSD,2025-11-17 22:00:00+00:00,22,Mon,BUY,LOSS,-1.0,1.0
AUDUSD,2025-11-18 22:00:00+00:00,22,Tue,BUY,LOSS,-1.0,1.0
AUDUSD,2025-11-24 22:00:00+00:00,22,Mon,BUY,LOSS,-1.0,1.0
AUDUSD,2025-11-25 22:00:00+00:00,22,Tue,BUY,WIN,1.5,1.0
AUDUSD,2025-11-26 22:00:00+00:00,22,Wed,BUY,WIN,1.5,1.0
AUDUSD,2025-11-27 22:00:00+00:00,22,Thu,BUY,LOSS,-1.0,1.0
AUDUSD,2025-12-02 22:00:00+00:00,22,Tue,BUY,LOSS,-1.0,1.0
AUDUSD,2025-12-03 22:00:00+00:00,22,Wed,BUY,WIN,1.5,1.0
AUDUSD,2025-12-09 22:00:00+00:00,22,Tue,BUY,LOSS,-1.0,1.0
AUDUSD,2025-12-16 22:00:00+00:00,22,Tue,BUY,LOSS,-1.0,1.0
AUDUSD,2025-12-17 22:00:00+00:00,22,Wed,BUY,LOSS,-1.0,1.0
AUDUSD,2025-12-22 22:00:00+00:00,22,Mon,BUY,WIN,1.5,1.0
AUDUSD,2025-12-23 22:00:00+00:00,22,Tue,BUY,WIN,1.5,1.0
AUDUSD,2025-12-25 22:00:00+00:00,22,Thu,BUY,WIN,1.5,1.0
AUDUSD,2026-01-05 22:00:00+00:00,22,Mon,BUY,LOSS,-1.0,1.0
AUDUSD,2026-01-06 22:00:00+00:00,22,Tue,BUY,LOSS,-1.0,1.0
AUDUSD,2026-01-07 22:00:00+00:00,22,Wed,BUY,LOSS,-1.0,1.0
AUDUSD,2026-01-08 22:00:00+00:00,22,Thu,BUY,LOSS,-1.0,1.0
AUDUSD,2026-01-19 22:00:00+00:00,22,Mon,BUY,LOSS,-1.0,1.0
AUDUSD,2026-01-20 22:00:00+00:00,22,Tue,BUY,WIN,1.5,1.0
AUDUSD,2026-01-29 22:00:00+00:00,22,Thu,BUY,LOSS,-1.0,1.0
AUDUSD,2026-02-04 22:00:00+00:00,22,Wed,BUY,LOSS,-1.0,1.0
AUDUSD,2026-02-10 22:00:00+00:00,22,Tue,BUY,WIN,1.5,1.0
AUDUSD,2026-02-11 22:00:00+00:00,22,Wed,BUY,LOSS,-1.0,1.0
AUDUSD,2026-02-12 22:00:00+00:00,22,Thu,BUY,LOSS,-1.0,1.0
AUDUSD,2026-02-16 22:00:00+00:00,22,Mon,BUY,LOSS,-1.0,1.0
AUDUSD,2026-02-17 22:00:00+00:00,22,Tue,BUY,LOSS,-1.0,1.0
USDJPY,2024-09-30 21:00:00+00:00,21,Mon,SELL,LOSS,-1.0,1.5
USDJPY,2024-10-02 18:00:00+00:00,18,Wed,BUY,WIN,1.5,1.0
USDJPY,2024-10-02 21:00:00+00:00,21,Wed,SELL,LOSS,-1.0,1.5
USDJPY,2024-10-03 18:00:00+00:00,18,Thu,BUY,LOSS,-1.0,1.0
USDJPY,2024-10-03 21:00:00+00:00,21,Thu,SELL,WIN,2.25,1.5
USDJPY,2024-10-07 18:00:00+00:00,18,Mon,BUY,LOSS,-1.0,1.0
USDJPY,2024-10-08 18:00:00+00:00,18,Tue,BUY,LOSS,-1.0,1.0
USDJPY,2024-10-09 18:00:00+00:00,18,Wed,BUY,LOSS,-1.0,1.0
USDJPY,2024-10-09 21:00:00+00:00,21,Wed,SELL,LOSS,-1.0,1.5
USDJPY,2024-10-14 18:00:00+00:00,18,Mon,BUY,LOSS,-1.0,1.0
USDJPY,2024-10-16 18:00:00+00:00,18,Wed,BUY,LOSS,-1.0,1.0
USDJPY,2024-10-17 18:00:00+00:00,18,Thu,BUY,LOSS,-1.0,1.0
USDJPY,2024-10-21 18:00:00+00:00,18,Mon,BUY,LOSS,-1.0,1.0
USDJPY,2024-10-21 21:00:00+00:00,21,Mon,SELL,LOSS,-1.0,1.5
USDJPY,2024-10-22 18:00:00+00:00,18,Tue,BUY,WIN,1.5,1.0
USDJPY,2024-10-22 21:00:00+00:00,21,Tue,SELL,LOSS,-1.0,1.5
USDJPY,2024-10-29 18:00:00+00:00,18,Tue,BUY,LOSS,-1.0,1.0
USDJPY,2024-11-04 21:00:00+00:00,21,Mon,SELL,LOSS,-1.0,1.5
USDJPY,2024-11-13 21:00:00+00:00,21,Wed,SELL,LOSS,-1.0,1.5
USDJPY,2024-11-14 18:00:00+00:00,18,Thu,BUY,WIN,1.5,1.0
USDJPY,2024-11-14 21:00:00+00:00,21,Thu,SELL,LOSS,-1.0,1.5
USDJPY,2024-11-20 18:00:00+00:00,18,Wed,BUY,LOSS,-1.0,1.0
USDJPY,2024-11-21 18:00:00+00:00,18,Thu,BUY,LOSS,-1.0,1.0
USDJPY,2024-11-26 18:00:00+00:00,18,Tue,BUY,LOSS,-1.0,1.0
USDJPY,2024-11-27 18:00:00+00:00,18,Wed,BUY,WIN,1.5,1.0
USDJPY,2024-11-27 21:00:00+00:00,21,Wed,SELL,LOSS,-1.0,1.5
USDJPY,2024-11-28 18:00:00+00:00,18,Thu,BUY,LOSS,-1.0,1.0
USDJPY,2024-12-09 21:00:00+00:00,21,Mon,SELL,LOSS,-1.0,1.5
USDJPY,2024-12-11 18:00:00+00:00,18,Wed,BUY,LOSS,-1.0,1.0
USDJPY,2024-12-12 21:00:00+00:00,21,Thu,SELL,LOSS,-1.0,1.5
USDJPY,2024-12-17 18:00:00+00:00,18,Tue,BUY,WIN,1.5,1.0
USDJPY,2024-12-17 21:00:00+00:00,21,Tue,SELL,LOSS,-1.0,1.5
USDJPY,2024-12-23 21:00:00+00:00,21,Mon,SELL,LOSS,-1.0,1.5
USDJPY,2024-12-24 21:00:00+00:00,21,Tue,SELL,LOSS,-1.0,1.5
USDJPY,2024-12-25 21:00:00+00:00,21,Wed,SELL,LOSS,-1.0,1.5
USDJPY,2024-12-26 21:00:00+00:00,21,Thu,SELL,WIN,2.25,1.5
USDJPY,2024-12-31 21:00:00+00:00,21,Tue,SELL,LOSS,-1.0,1.5
USDJPY,2025-01-06 18:00:00+00:00,18,Mon,BUY,WIN,1.5,1.0
USDJPY,2025-01-06 21:00:00+00:00,21,Mon,SELL,LOSS,-1.0,1.5
USDJPY,2025-01-08 18:00:00+00:00,18,Wed,BUY,LOSS,-1.0,1.0
USDJPY,2025-01-08 21:00:00+00:00,21,Wed,SELL,WIN,2.25,1.5
USDJPY,2025-01-09 21:00:00+00:00,21,Thu,SELL,LOSS,-1.0,1.5
USDJPY,2025-01-13 18:00:00+00:00,18,Mon,BUY,LOSS,-1.0,1.0
USDJPY,2025-01-13 21:00:00+00:00,21,Mon,SELL,LOSS,-1.0,1.5
USDJPY,2025-01-14 21:00:00+00:00,21,Tue,SELL,WIN,2.25,1.5
USDJPY,2025-01-15 21:00:00+00:00,21,Wed,SELL,WIN,2.25,1.5
USDJPY,2025-01-16 21:00:00+00:00,21,Thu,SELL,LOSS,-1.0,1.5
USDJPY,2025-01-20 21:00:00+00:00,21,Mon,SELL,LOSS,-1.0,1.5
USDJPY,2025-01-21 21:00:00+00:00,21,Tue,SELL,LOSS,-1.0,1.5
USDJPY,2025-01-27 18:00:00+00:00,18,Mon,BUY,WIN,1.5,1.0
USDJPY,2025-01-27 21:00:00+00:00,21,Mon,SELL,LOSS,-1.0,1.5
USDJPY,2025-01-29 18:00:00+00:00,18,Wed,BUY,WIN,1.5,1.0
USDJPY,2025-01-29 21:00:00+00:00,21,Wed,SELL,WIN,2.25,1.5
USDJPY,2025-01-30 18:00:00+00:00,18,Thu,BUY,LOSS,-1.0,1.0
USDJPY,2025-02-03 21:00:00+00:00,21,Mon,SELL,LOSS,-1.0,1.5
USDJPY,2025-02-04 18:00:00+00:00,18,Tue,BUY,LOSS,-1.0,1.0
USDJPY,2025-02-05 18:00:00+00:00,18,Wed,BUY,LOSS,-1.0,1.0
USDJPY,2025-02-06 21:00:00+00:00,21,Thu,SELL,LOSS,-1.0,1.5
USDJPY,2025-02-10 18:00:00+00:00,18,Mon,BUY,LOSS,-1.0,1.0
USDJPY,2025-02-11 18:00:00+00:00,18,Tue,BUY,WIN,1.5,1.0
USDJPY,2025-02-11 21:00:00+00:00,21,Tue,SELL,LOSS,-1.0,1.5
USDJPY,2025-02-13 18:00:00+00:00,18,Thu,BUY,LOSS,-1.0,1.0
USDJPY,2025-02-19 21:00:00+00:00,21,Wed,SELL,WIN,2.25,1.5
USDJPY,2025-02-20 18:00:00+00:00,18,Thu,BUY,LOSS,-1.0,1.0
USDJPY,2025-02-20 21:00:00+00:00,21,Thu,SELL,LOSS,-1.0,1.5
USDJPY,2025-02-24 18:00:00+00:00,18,Mon,BUY,WIN,1.5,1.0
USDJPY,2025-02-24 21:00:00+00:00,21,Mon,SELL,LOSS,-1.0,1.5
USDJPY,2025-02-25 18:00:00+00:00,18,Tue,BUY,LOSS,-1.0,1.0
USDJPY,2025-02-27 18:00:00+00:00,18,Thu,BUY,LOSS,-1.0,1.0
USDJPY,2025-03-04 18:00:00+00:00,18,Tue,BUY,WIN,1.5,1.0
USDJPY,2025-03-10 18:00:00+00:00,18,Mon,BUY,LOSS,-1.0,1.0
USDJPY,2025-03-11 21:00:00+00:00,21,Tue,SELL,LOSS,-1.0,1.5
USDJPY,2025-03-13 18:00:00+00:00,18,Thu,BUY,WIN,1.5,1.0
USDJPY,2025-03-13 21:00:00+00:00,21,Thu,SELL,LOSS,-1.0,1.5
USDJPY,2025-03-17 18:00:00+00:00,18,Mon,BUY,WIN,1.5,1.0
USDJPY,2025-03-17 21:00:00+00:00,21,Mon,SELL,LOSS,-1.0,1.5
USDJPY,2025-03-18 21:00:00+00:00,21,Tue,SELL,LOSS,-1.0,1.5
USDJPY,2025-03-24 21:00:00+00:00,21,Mon,SELL,LOSS,-1.0,1.5
USDJPY,2025-03-25 18:00:00+00:00,18,Tue,BUY,WIN,1.5,1.0
USDJPY,2025-03-25 21:00:00+00:00,21,Tue,SELL,LOSS,-1.0,1.5
USDJPY,2025-03-26 18:00:00+00:00,18,Wed,BUY,LOSS,-1.0,1.0
USDJPY,2025-03-27 18:00:00+00:00,18,Thu,BUY,LOSS,-1.0,1.0
USDJPY,2025-03-31 18:00:00+00:00,18,Mon,BUY,LOSS,-1.0,1.0
USDJPY,2025-04-02 21:00:00+00:00,21,Wed,SELL,WIN,2.25,1.5
USDJPY,2025-04-03 18:00:00+00:00,18,Thu,BUY,LOSS,-1.0,1.0
USDJPY,2025-04-14 21:00:00+00:00,21,Mon,SELL,LOSS,-1.0,1.5
USDJPY,2025-04-15 18:00:00+00:00,18,Tue,BUY,LOSS,-1.0,1.0
USDJPY,2025-04-15 21:00:00+00:00,21,Tue,SELL,WIN,2.25,1.5
USDJPY,2025-04-16 21:00:00+00:00,21,Wed,SELL,LOSS,-1.0,1.5
USDJPY,2025-04-21 21:00:00+00:00,21,Mon,SELL,LOSS,-1.0,1.5
USDJPY,2025-04-22 18:00:00+00:00,18,Tue,BUY,WIN,1.5,1.0
USDJPY,2025-04-23 18:00:00+00:00,18,Wed,BUY,LOSS,-1.0,1.0
USDJPY,2025-04-30 21:00:00+00:00,21,Wed,SELL,LOSS,-1.0,1.5
USDJPY,2025-05-01 21:00:00+00:00,21,Thu,SELL,LOSS,-1.0,1.5
USDJPY,2025-05-06 21:00:00+00:00,21,Tue,SELL,LOSS,-1.0,1.5
USDJPY,2025-05-14 18:00:00+00:00,18,Wed,BUY,LOSS,-1.0,1.0
USDJPY,2025-05-21 18:00:00+00:00,18,Wed,BUY,WIN,1.5,1.0
USDJPY,2025-05-21 21:00:00+00:00,21,Wed,SELL,LOSS,-1.0,1.5
USDJPY,2025-05-26 21:00:00+00:00,21,Mon,SELL,WIN,2.25,1.5
USDJPY,2025-05-27 21:00:00+00:00,21,Tue,SELL,LOSS,-1.0,1.5
USDJPY,2025-05-28 21:00:00+00:00,21,Wed,SELL,LOSS,-1.0,1.5
USDJPY,2025-06-02 21:00:00+00:00,21,Mon,SELL,LOSS,-1.0,1.5
USDJPY,2025-06-03 21:00:00+00:00,21,Tue,SELL,LOSS,-1.0,1.5
USDJPY,2025-06-05 21:00:00+00:00,21,Thu,SELL,LOSS,-1.0,1.5
USDJPY,2025-06-09 18:00:00+00:00,18,Mon,BUY,WIN,1.5,1.0
USDJPY,2025-06-10 18:00:00+00:00,18,Tue,BUY,LOSS,-1.0,1.0
USDJPY,2025-06-16 18:00:00+00:00,18,Mon,BUY,WIN,1.5,1.0
USDJPY,2025-06-18 18:00:00+00:00,18,Wed,BUY,LOSS,-1.0,1.0
USDJPY,2025-06-24 21:00:00+00:00,21,Tue,SELL,LOSS,-1.0,1.5
USDJPY,2025-06-25 21:00:00+00:00,21,Wed,SELL,WIN,2.25,1.5
USDJPY,2025-06-26 18:00:00+00:00,18,Thu,BUY,WIN,1.5,1.0
USDJPY,2025-06-26 21:00:00+00:00,21,Thu,SELL,LOSS,-1.0,1.5
USDJPY,2025-07-01 18:00:00+00:00,18,Tue,BUY,LOSS,-1.0,1.0
USDJPY,2025-07-01 21:00:00+00:00,21,Tue,SELL,LOSS,-1.0,1.5
USDJPY,2025-07-03 18:00:00+00:00,18,Thu,BUY,LOSS,-1.0,1.0
USDJPY,2025-07-07 18:00:00+00:00,18,Mon,BUY,LOSS,-1.0,1.0
USDJPY,2025-07-07 21:00:00+00:00,21,Mon,SELL,LOSS,-1.0,1.5
USDJPY,2025-07-08 21:00:00+00:00,21,Tue,SELL,LOSS,-1.0,1.5
USDJPY,2025-07-09 21:00:00+00:00,21,Wed,SELL,WIN,2.25,1.5
USDJPY,2025-07-10 21:00:00+00:00,21,Thu,SELL,LOSS,-1.0,1.5
USDJPY,2025-07-15 21:00:00+00:00,21,Tue,SELL,LOSS,-1.0,1.5
USDJPY,2025-07-16 21:00:00+00:00,21,Wed,SELL,LOSS,-1.0,1.5
USDJPY,2025-07-17 18:00:00+00:00,18,Thu,BUY,LOSS,-1.0,1.0
USDJPY,2025-07-17 21:00:00+00:00,21,Thu,SELL,LOSS,-1.0,1.5
USDJPY,2025-07-21 21:00:00+00:00,21,Mon,SELL,LOSS,-1.0,1.5
USDJPY,2025-07-22 18:00:00+00:00,18,Tue,BUY,LOSS,-1.0,1.0
USDJPY,2025-07-22 21:00:00+00:00,21,Tue,SELL,LOSS,-1.0,1.5
USDJPY,2025-07-24 18:00:00+00:00,18,Thu,BUY,WIN,1.5,1.0
USDJPY,2025-07-30 18:00:00+00:00,18,Wed,BUY,LOSS,-1.0,1.0
USDJPY,2025-07-30 21:00:00+00:00,21,Wed,SELL,WIN,2.25,1.5
USDJPY,2025-08-06 21:00:00+00:00,21,Wed,SELL,LOSS,-1.0,1.5
USDJPY,2025-08-07 18:00:00+00:00,18,Thu,BUY,LOSS,-1.0,1.0
USDJPY,2025-08-07 21:00:00+00:00,21,Thu,SELL,LOSS,-1.0,1.5
USDJPY,2025-08-11 18:00:00+00:00,18,Mon,BUY,LOSS,-1.0,1.0
USDJPY,2025-08-11 21:00:00+00:00,21,Mon,SELL,LOSS,-1.0,1.5
USDJPY,2025-08-13 18:00:00+00:00,18,Wed,BUY,LOSS,-1.0,1.0
USDJPY,2025-08-13 21:00:00+00:00,21,Wed,SELL,WIN,2.25,1.5
USDJPY,2025-08-14 18:00:00+00:00,18,Thu,BUY,LOSS,-1.0,1.0
USDJPY,2025-08-18 21:00:00+00:00,21,Mon,SELL,LOSS,-1.0,1.5
USDJPY,2025-08-19 21:00:00+00:00,21,Tue,SELL,LOSS,-1.0,1.5
USDJPY,2025-08-21 21:00:00+00:00,21,Thu,SELL,LOSS,-1.0,1.5
USDJPY,2025-08-25 18:00:00+00:00,18,Mon,BUY,LOSS,-1.0,1.0
USDJPY,2025-08-25 21:00:00+00:00,21,Mon,SELL,WIN,2.25,1.5
USDJPY,2025-08-26 21:00:00+00:00,21,Tue,SELL,LOSS,-1.0,1.5
USDJPY,2025-09-01 18:00:00+00:00,18,Mon,BUY,LOSS,-1.0,1.0
USDJPY,2025-09-01 21:00:00+00:00,21,Mon,SELL,LOSS,-1.0,1.5
USDJPY,2025-09-02 21:00:00+00:00,21,Tue,SELL,LOSS,-1.0,1.5
USDJPY,2025-09-10 21:00:00+00:00,21,Wed,SELL,LOSS,-1.0,1.5
USDJPY,2025-09-11 21:00:00+00:00,21,Thu,SELL,LOSS,-1.0,1.5
USDJPY,2025-09-15 18:00:00+00:00,18,Mon,BUY,LOSS,-1.0,1.0
USDJPY,2025-09-15 21:00:00+00:00,21,Mon,SELL,LOSS,-1.0,1.5
USDJPY,2025-09-17 21:00:00+00:00,21,Wed,SELL,LOSS,-1.0,1.5
USDJPY,2025-09-18 21:00:00+00:00,21,Thu,SELL,WIN,2.25,1.5
USDJPY,2025-09-23 21:00:00+00:00,21,Tue,SELL,LOSS,-1.0,1.5
USDJPY,2025-09-24 18:00:00+00:00,18,Wed,BUY,LOSS,-1.0,1.0
USDJPY,2025-09-29 21:00:00+00:00,21,Mon,SELL,LOSS,-1.0,1.5
USDJPY,2025-09-30 21:00:00+00:00,21,Tue,SELL,LOSS,-1.0,1.5
USDJPY,2025-10-01 21:00:00+00:00,21,Wed,SELL,LOSS,-1.0,1.5
USDJPY,2025-10-02 18:00:00+00:00,18,Thu,BUY,WIN,1.5,1.0
USDJPY,2025-10-02 21:00:00+00:00,21,Thu,SELL,LOSS,-1.0,1.5
USDJPY,2025-10-06 21:00:00+00:00,21,Mon,SELL,LOSS,-1.0,1.5
USDJPY,2025-10-07 18:00:00+00:00,18,Tue,BUY,WIN,1.5,1.0
USDJPY,2025-10-07 21:00:00+00:00,21,Tue,SELL,LOSS,-1.0,1.5
USDJPY,2025-10-13 21:00:00+00:00,21,Mon,SELL,LOSS,-1.0,1.5
USDJPY,2025-10-14 18:00:00+00:00,18,Tue,BUY,LOSS,-1.0,1.0
USDJPY,2025-10-14 21:00:00+00:00,21,Tue,SELL,WIN,2.25,1.5
USDJPY,2025-10-15 18:00:00+00:00,18,Wed,BUY,LOSS,-1.0,1.0
USDJPY,2025-10-16 21:00:00+00:00,21,Thu,SELL,WIN,2.25,1.5
USDJPY,2025-10-20 21:00:00+00:00,21,Mon,SELL,LOSS,-1.0,1.5
USDJPY,2025-10-22 18:00:00+00:00,18,Wed,BUY,WIN,1.5,1.0
USDJPY,2025-10-22 21:00:00+00:00,21,Wed,SELL,LOSS,-1.0,1.5
USDJPY,2025-10-23 21:00:00+00:00,21,Thu,SELL,LOSS,-1.0,1.5
USDJPY,2025-10-27 21:00:00+00:00,21,Mon,SELL,WIN,2.25,1.5
USDJPY,2025-10-28 21:00:00+00:00,21,Tue,SELL,LOSS,-1.0,1.5
USDJPY,2025-10-29 18:00:00+00:00,18,Wed,BUY,LOSS,-1.0,1.0
USDJPY,2025-10-29 21:00:00+00:00,21,Wed,SELL,LOSS,-1.0,1.5
USDJPY,2025-11-03 18:00:00+00:00,18,Mon,BUY,WIN,1.5,1.0
USDJPY,2025-11-05 18:00:00+00:00,18,Wed,BUY,LOSS,-1.0,1.0
USDJPY,2025-11-10 18:00:00+00:00,18,Mon,BUY,WIN,1.5,1.0
USDJPY,2025-11-12 18:00:00+00:00,18,Wed,BUY,WIN,1.5,1.0
USDJPY,2025-11-19 18:00:00+00:00,18,Wed,BUY,WIN,1.5,1.0
USDJPY,2025-11-25 21:00:00+00:00,21,Tue,SELL,LOSS,-1.0,1.5
USDJPY,2025-11-26 18:00:00+00:00,18,Wed,BUY,LOSS,-1.0,1.0
USDJPY,2025-11-27 18:00:00+00:00,18,Thu,BUY,LOSS,-1.0,1.0
USDJPY,2025-11-27 21:00:00+00:00,21,Thu,SELL,LOSS,-1.0,1.5
USDJPY,2025-12-01 21:00:00+00:00,21,Mon,SELL,LOSS,-1.0,1.5
USDJPY,2025-12-02 18:00:00+00:00,18,Tue,BUY,LOSS,-1.0,1.0
USDJPY,2025-12-10 18:00:00+00:00,18,Wed,BUY,LOSS,-1.0,1.0
USDJPY,2025-12-15 18:00:00+00:00,18,Mon,BUY,LOSS,-1.0,1.0
USDJPY,2025-12-16 21:00:00+00:00,21,Tue,SELL,LOSS,-1.0,1.5
USDJPY,2025-12-17 18:00:00+00:00,18,Wed,BUY,LOSS,-1.0,1.0
USDJPY,2025-12-17 21:00:00+00:00,21,Wed,SELL,LOSS,-1.0,1.5
USDJPY,2025-12-18 21:00:00+00:00,21,Thu,SELL,LOSS,-1.0,1.5
USDJPY,2025-12-22 18:00:00+00:00,18,Mon,BUY,LOSS,-1.0,1.0
USDJPY,2025-12-23 21:00:00+00:00,21,Tue,SELL,WIN,2.25,1.5
USDJPY,2025-12-24 18:00:00+00:00,18,Wed,BUY,LOSS,-1.0,1.0
USDJPY,2025-12-29 18:00:00+00:00,18,Mon,BUY,LOSS,-1.0,1.0
USDJPY,2025-12-29 21:00:00+00:00,21,Mon,SELL,LOSS,-1.0,1.5
USDJPY,2025-12-30 21:00:00+00:00,21,Tue,SELL,LOSS,-1.0,1.5
USDJPY,2025-12-31 18:00:00+00:00,18,Wed,BUY,LOSS,-1.0,1.0
USDJPY,2026-01-01 21:00:00+00:00,21,Thu,SELL,LOSS,-1.0,1.5
USDJPY,2026-01-05 21:00:00+00:00,21,Mon,SELL,LOSS,-1.0,1.5
USDJPY,2026-01-07 21:00:00+00:00,21,Wed,SELL,LOSS,-1.0,1.5
USDJPY,2026-01-08 18:00:00+00:00,18,Thu,BUY,WIN,1.5,1.0
USDJPY,2026-01-08 21:00:00+00:00,21,Thu,SELL,LOSS,-1.0,1.5
USDJPY,2026-01-12 18:00:00+00:00,18,Mon,BUY,LOSS,-1.0,1.0
USDJPY,2026-01-12 21:00:00+00:00,21,Mon,SELL,LOSS,-1.0,1.5
USDJPY,2026-01-13 18:00:00+00:00,18,Tue,BUY,WIN,1.5,1.0
USDJPY,2026-01-15 21:00:00+00:00,21,Thu,SELL,WIN,2.25,1.5
USDJPY,2026-01-19 18:00:00+00:00,18,Mon,BUY,LOSS,-1.0,1.0
USDJPY,2026-01-19 21:00:00+00:00,21,Mon,SELL,LOSS,-1.0,1.5
USDJPY,2026-01-21 21:00:00+00:00,21,Wed,SELL,LOSS,-1.0,1.5
USDJPY,2026-01-22 18:00:00+00:00,18,Thu,BUY,WIN,1.5,1.0
USDJPY,2026-01-22 21:00:00+00:00,21,Thu,SELL,LOSS,-1.0,1.5
USDJPY,2026-01-27 21:00:00+00:00,21,Tue,SELL,LOSS,-1.0,1.5
USDJPY,2026-01-28 18:00:00+00:00,18,Wed,BUY,LOSS,-1.0,1.0
USDJPY,2026-01-29 18:00:00+00:00,18,Thu,BUY,WIN,1.5,1.0
USDJPY,2026-01-29 21:00:00+00:00,21,Thu,SELL,LOSS,-1.0,1.5
USDJPY,2026-02-03 21:00:00+00:00,21,Tue,SELL,LOSS,-1.0,1.5
USDJPY,2026-02-05 18:00:00+00:00,18,Thu,BUY,LOSS,-1.0,1.0
USDJPY,2026-02-10 18:00:00+00:00,18,Tue,BUY,LOSS,-1.0,1.0
USDJPY,2026-02-16 18:00:00+00:00,18,Mon,BUY,LOSS,-1.0,1.0
USDJPY,2026-02-16 21:00:00+00:00,21,Mon,SELL,LOSS,-1.0,1.5
